-- Install configuration: "Release"
-- Up-to-date: /state/cache/scratch/gap004/work/../install/lib/libnoisemaker-qt.a
-- Up-to-date: /state/cache/scratch/gap004/work/../install/bin/nm-render
-- Installing: /state/cache/scratch/gap004/work/../install/lib/libnoisemaker-qt-quick.a
-- Installing: /state/cache/scratch/gap004/work/../install/include/noisemaker-qt/quick/noisemaker_item.h
-- Installing: /state/cache/scratch/gap004/work/../install/include/noisemaker-qt/noisemaker/compiler
-- Installing: /state/cache/scratch/gap004/work/../install/include/noisemaker-qt/noisemaker/compiler/expander.h
-- Installing: /state/cache/scratch/gap004/work/../install/include/noisemaker-qt/noisemaker/compiler/js_number.h
-- Installing: /state/cache/scratch/gap004/work/../install/include/noisemaker-qt/noisemaker/compiler/validator.h
-- Installing: /state/cache/scratch/gap004/work/../install/include/noisemaker-qt/noisemaker/compiler/lexer.h
-- Installing: /state/cache/scratch/gap004/work/../install/include/noisemaker-qt/noisemaker/compiler/js_syntax.h
-- Installing: /state/cache/scratch/gap004/work/../install/include/noisemaker-qt/noisemaker/compiler/dsl_compiler.h
-- Installing: /state/cache/scratch/gap004/work/../install/include/noisemaker-qt/noisemaker/compiler/parser.h
-- Installing: /state/cache/scratch/gap004/work/../install/include/noisemaker-qt/noisemaker/compiler/dim.h
-- Installing: /state/cache/scratch/gap004/work/../install/include/noisemaker-qt/noisemaker/compiler/ast.h
-- Installing: /state/cache/scratch/gap004/work/../install/include/noisemaker-qt/noisemaker/compiler/effect_registry.h
-- Installing: /state/cache/scratch/gap004/work/../install/include/noisemaker-qt/noisemaker/compiler/enums.h
-- Installing: /state/cache/scratch/gap004/work/../install/include/noisemaker-qt/noisemaker/compiler/resources.h
-- Installing: /state/cache/scratch/gap004/work/../install/include/noisemaker-qt/noisemaker/compiler/effect_validator.h
-- Installing: /state/cache/scratch/gap004/work/../install/include/noisemaker-qt/noisemaker/compiler/js_regexp.h
-- Installing: /state/cache/scratch/gap004/work/../install/include/noisemaker-qt/noisemaker/compiler/tokens.h
-- Installing: /state/cache/scratch/gap004/work/../install/include/noisemaker-qt/noisemaker/compiler/diagnostics.h
-- Installing: /state/cache/scratch/gap004/work/../install/include/noisemaker-qt/noisemaker/compiler/js_unicode.h
-- Installing: /state/cache/scratch/gap004/work/../install/include/noisemaker-qt/noisemaker/runtime
-- Installing: /state/cache/scratch/gap004/work/../install/include/noisemaker-qt/noisemaker/runtime/output_sink.h
-- Installing: /state/cache/scratch/gap004/work/../install/include/noisemaker-qt/noisemaker/runtime/midi_state.h
-- Installing: /state/cache/scratch/gap004/work/../install/include/noisemaker-qt/noisemaker/runtime/obj_parser.h
-- Installing: /state/cache/scratch/gap004/work/../install/include/noisemaker-qt/noisemaker/runtime/backend.h
-- Installing: /state/cache/scratch/gap004/work/../install/include/noisemaker-qt/noisemaker/runtime/worm_tracer.h
-- Installing: /state/cache/scratch/gap004/work/../install/include/noisemaker-qt/noisemaker/runtime/audio_analyzer.h
-- Installing: /state/cache/scratch/gap004/work/../install/include/noisemaker-qt/noisemaker/runtime/graph.h
-- Installing: /state/cache/scratch/gap004/work/../install/include/noisemaker-qt/noisemaker/runtime/surface.h
-- Installing: /state/cache/scratch/gap004/work/../install/include/noisemaker-qt/noisemaker/runtime/frame_export.h
-- Installing: /state/cache/scratch/gap004/work/../install/include/noisemaker-qt/noisemaker/runtime/async_overlay.h
-- Installing: /state/cache/scratch/gap004/work/../install/include/noisemaker-qt/noisemaker/runtime/audio_state.h
-- Installing: /state/cache/scratch/gap004/work/../install/include/noisemaker-qt/noisemaker/runtime/agents.h
-- Installing: /state/cache/scratch/gap004/work/../install/include/noisemaker-qt/noisemaker/runtime/png_io.h
-- Installing: /state/cache/scratch/gap004/work/../install/include/noisemaker-qt/noisemaker/runtime/shader_assembly.h
-- Installing: /state/cache/scratch/gap004/work/../install/include/noisemaker-qt/noisemaker/runtime/device_limits.h
-- Installing: /state/cache/scratch/gap004/work/../install/include/noisemaker-qt/noisemaker/runtime/text_texture.h
-- Installing: /state/cache/scratch/gap004/work/../install/include/noisemaker-qt/noisemaker/runtime/parameters.h
-- Installing: /state/cache/scratch/gap004/work/../install/include/noisemaker-qt/noisemaker/runtime/stroke_canvas.h
-- Installing: /state/cache/scratch/gap004/work/../install/include/noisemaker-qt/noisemaker/runtime/pingpong.h
-- Installing: /state/cache/scratch/gap004/work/../install/share/noisemaker-qt/noisemaker/shaders
-- Installing: /state/cache/scratch/gap004/work/../install/share/noisemaker-qt/noisemaker/shaders/effects
-- Installing: /state/cache/scratch/gap004/work/../install/share/noisemaker-qt/noisemaker/shaders/effects/render
-- Installing: /state/cache/scratch/gap004/work/../install/share/noisemaker-qt/noisemaker/shaders/effects/render/renderLandscape3d
-- Installing: /state/cache/scratch/gap004/work/../install/share/noisemaker-qt/noisemaker/shaders/effects/render/renderLandscape3d/landscape.frag
-- Installing: /state/cache/scratch/gap004/work/../install/share/noisemaker-qt/noisemaker/shaders/effects/render/renderCubemapSurface
-- Installing: /state/cache/scratch/gap004/work/../install/share/noisemaker-qt/noisemaker/shaders/effects/render/renderCubemapSurface/renderCubemapSurface.frag
-- Installing: /state/cache/scratch/gap004/work/../install/share/noisemaker-qt/noisemaker/shaders/effects/render/meshRender
-- Installing: /state/cache/scratch/gap004/work/../install/share/noisemaker-qt/noisemaker/shaders/effects/render/meshRender/clear.frag
-- Installing: /state/cache/scratch/gap004/work/../install/share/noisemaker-qt/noisemaker/shaders/effects/render/meshRender/render.vert
-- Installing: /state/cache/scratch/gap004/work/../install/share/noisemaker-qt/noisemaker/shaders/effects/render/meshRender/render.frag
-- Installing: /state/cache/scratch/gap004/work/../install/share/noisemaker-qt/noisemaker/shaders/effects/render/meshLoader
-- Installing: /state/cache/scratch/gap004/work/../install/share/noisemaker-qt/noisemaker/shaders/effects/render/meshLoader/preview.frag
-- Installing: /state/cache/scratch/gap004/work/../install/share/noisemaker-qt/noisemaker/shaders/effects/render/loopEnd
-- Installing: /state/cache/scratch/gap004/work/../install/share/noisemaker-qt/noisemaker/shaders/effects/render/loopEnd/copy.frag
-- Installing: /state/cache/scratch/gap004/work/../install/share/noisemaker-qt/noisemaker/shaders/effects/render/pointsRender
-- Installing: /state/cache/scratch/gap004/work/../install/share/noisemaker-qt/noisemaker/shaders/effects/render/pointsRender/diffuse.frag
-- Installing: /state/cache/scratch/gap004/work/../install/share/noisemaker-qt/noisemaker/shaders/effects/render/pointsRender/deposit.vert
-- Installing: /state/cache/scratch/gap004/work/../install/share/noisemaker-qt/noisemaker/shaders/effects/render/pointsRender/deposit.frag
-- Installing: /state/cache/scratch/gap004/work/../install/share/noisemaker-qt/noisemaker/shaders/effects/render/pointsRender/copy.frag
-- Installing: /state/cache/scratch/gap004/work/../install/share/noisemaker-qt/noisemaker/shaders/effects/render/pointsRender/blend.frag
-- Installing: /state/cache/scratch/gap004/work/../install/share/noisemaker-qt/noisemaker/shaders/effects/render/render3d
-- Installing: /state/cache/scratch/gap004/work/../install/share/noisemaker-qt/noisemaker/shaders/effects/render/render3d/render3d.frag
-- Installing: /state/cache/scratch/gap004/work/../install/share/noisemaker-qt/noisemaker/shaders/effects/render/renderLit3d
-- Installing: /state/cache/scratch/gap004/work/../install/share/noisemaker-qt/noisemaker/shaders/effects/render/renderLit3d/renderLit3d.frag
-- Installing: /state/cache/scratch/gap004/work/../install/share/noisemaker-qt/noisemaker/shaders/effects/render/renderCubemap3d
-- Installing: /state/cache/scratch/gap004/work/../install/share/noisemaker-qt/noisemaker/shaders/effects/render/renderCubemap3d/renderCubemap3d.frag
-- Installing: /state/cache/scratch/gap004/work/../install/share/noisemaker-qt/noisemaker/shaders/effects/render/pointsEmit
-- Installing: /state/cache/scratch/gap004/work/../install/share/noisemaker-qt/noisemaker/shaders/effects/render/pointsEmit/passthrough.frag
-- Installing: /state/cache/scratch/gap004/work/../install/share/noisemaker-qt/noisemaker/shaders/effects/render/pointsEmit/init.frag
-- Installing: /state/cache/scratch/gap004/work/../install/share/noisemaker-qt/noisemaker/shaders/effects/render/loopBegin
-- Installing: /state/cache/scratch/gap004/work/../install/share/noisemaker-qt/noisemaker/shaders/effects/render/loopBegin/loopBegin.frag
-- Installing: /state/cache/scratch/gap004/work/../install/share/noisemaker-qt/noisemaker/shaders/effects/render/pointsBillboardRender
-- Installing: /state/cache/scratch/gap004/work/../install/share/noisemaker-qt/noisemaker/shaders/effects/render/pointsBillboardRender/spriteMeanTiles.frag
-- Installing: /state/cache/scratch/gap004/work/../install/share/noisemaker-qt/noisemaker/shaders/effects/render/pointsBillboardRender/diffuse.frag
-- Installing: /state/cache/scratch/gap004/work/../install/share/noisemaker-qt/noisemaker/shaders/effects/render/pointsBillboardRender/depthKeys.frag
-- Installing: /state/cache/scratch/gap004/work/../install/share/noisemaker-qt/noisemaker/shaders/effects/render/pointsBillboardRender/clearDefocus.frag
-- Installing: /state/cache/scratch/gap004/work/../install/share/noisemaker-qt/noisemaker/shaders/effects/render/pointsBillboardRender/deposit.vert
-- Installing: /state/cache/scratch/gap004/work/../install/share/noisemaker-qt/noisemaker/shaders/effects/render/pointsBillboardRender/deposit.frag
-- Installing: /state/cache/scratch/gap004/work/../install/share/noisemaker-qt/noisemaker/shaders/effects/render/pointsBillboardRender/depthMerge.frag
-- Installing: /state/cache/scratch/gap004/work/../install/share/noisemaker-qt/noisemaker/shaders/effects/render/pointsBillboardRender/copy.frag
-- Installing: /state/cache/scratch/gap004/work/../install/share/noisemaker-qt/noisemaker/shaders/effects/render/pointsBillboardRender/spriteMean.frag
-- Installing: /state/cache/scratch/gap004/work/../install/share/noisemaker-qt/noisemaker/shaders/effects/render/pointsBillboardRender/blend.frag
-- Installing: /state/cache/scratch/gap004/work/../install/share/noisemaker-qt/noisemaker/shaders/effects/mixer
-- Installing: /state/cache/scratch/gap004/work/../install/share/noisemaker-qt/noisemaker/shaders/effects/mixer/channelCombine
-- Installing: /state/cache/scratch/gap004/work/../install/share/noisemaker-qt/noisemaker/shaders/effects/mixer/channelCombine/channelCombine.frag
-- Installing: /state/cache/scratch/gap004/work/../install/share/noisemaker-qt/noisemaker/shaders/effects/mixer/applyMode
-- Installing: /state/cache/scratch/gap004/work/../install/share/noisemaker-qt/noisemaker/shaders/effects/mixer/applyMode/applyMode.frag
-- Installing: /state/cache/scratch/gap004/work/../install/share/noisemaker-qt/noisemaker/shaders/effects/mixer/distortion
-- Installing: /state/cache/scratch/gap004/work/../install/share/noisemaker-qt/noisemaker/shaders/effects/mixer/distortion/distortion.frag
-- Installing: /state/cache/scratch/gap004/work/../install/share/noisemaker-qt/noisemaker/shaders/effects/mixer/uvRemap
-- Installing: /state/cache/scratch/gap004/work/../install/share/noisemaker-qt/noisemaker/shaders/effects/mixer/uvRemap/uvRemap.frag
-- Installing: /state/cache/scratch/gap004/work/../install/share/noisemaker-qt/noisemaker/shaders/effects/mixer/thresholdMix
-- Installing: /state/cache/scratch/gap004/work/../install/share/noisemaker-qt/noisemaker/shaders/effects/mixer/thresholdMix/thresholdMix.frag
-- Installing: /state/cache/scratch/gap004/work/../install/share/noisemaker-qt/noisemaker/shaders/effects/mixer/alphaMask
-- Installing: /state/cache/scratch/gap004/work/../install/share/noisemaker-qt/noisemaker/shaders/effects/mixer/alphaMask/alphaMask.frag
-- Installing: /state/cache/scratch/gap004/work/../install/share/noisemaker-qt/noisemaker/shaders/effects/mixer/mashup
-- Installing: /state/cache/scratch/gap004/work/../install/share/noisemaker-qt/noisemaker/shaders/effects/mixer/mashup/mashup.frag
-- Installing: /state/cache/scratch/gap004/work/../install/share/noisemaker-qt/noisemaker/shaders/effects/mixer/shapeMask
-- Installing: /state/cache/scratch/gap004/work/../install/share/noisemaker-qt/noisemaker/shaders/effects/mixer/shapeMask/shapeMask.frag
-- Installing: /state/cache/scratch/gap004/work/../install/share/noisemaker-qt/noisemaker/shaders/effects/mixer/patternMix
-- Installing: /state/cache/scratch/gap004/work/../install/share/noisemaker-qt/noisemaker/shaders/effects/mixer/patternMix/patternMix.frag
-- Installing: /state/cache/scratch/gap004/work/../install/share/noisemaker-qt/noisemaker/shaders/effects/mixer/centerMask
-- Installing: /state/cache/scratch/gap004/work/../install/share/noisemaker-qt/noisemaker/shaders/effects/mixer/centerMask/centerMask.frag
-- Installing: /state/cache/scratch/gap004/work/../install/share/noisemaker-qt/noisemaker/shaders/effects/mixer/focusBlur
-- Installing: /state/cache/scratch/gap004/work/../install/share/noisemaker-qt/noisemaker/shaders/effects/mixer/focusBlur/focusBlur.frag
-- Installing: /state/cache/scratch/gap004/work/../install/share/noisemaker-qt/noisemaker/shaders/effects/mixer/cellSplit
-- Installing: /state/cache/scratch/gap004/work/../install/share/noisemaker-qt/noisemaker/shaders/effects/mixer/cellSplit/cellSplit.frag
-- Installing: /state/cache/scratch/gap004/work/../install/share/noisemaker-qt/noisemaker/shaders/effects/mixer/blendMode
-- Installing: /state/cache/scratch/gap004/work/../install/share/noisemaker-qt/noisemaker/shaders/effects/mixer/blendMode/blendMode.frag
-- Installing: /state/cache/scratch/gap004/work/../install/share/noisemaker-qt/noisemaker/shaders/effects/mixer/split
-- Installing: /state/cache/scratch/gap004/work/../install/share/noisemaker-qt/noisemaker/shaders/effects/mixer/split/split.frag
-- Installing: /state/cache/scratch/gap004/work/../install/share/noisemaker-qt/noisemaker/shaders/effects/mixer/shadow
-- Installing: /state/cache/scratch/gap004/work/../install/share/noisemaker-qt/noisemaker/shaders/effects/mixer/shadow/shadow.frag
-- Installing: /state/cache/scratch/gap004/work/../install/share/noisemaker-qt/noisemaker/shaders/effects/synth
-- Installing: /state/cache/scratch/gap004/work/../install/share/noisemaker-qt/noisemaker/shaders/effects/synth/testPattern
-- Installing: /state/cache/scratch/gap004/work/../install/share/noisemaker-qt/noisemaker/shaders/effects/synth/testPattern/testPattern.frag
-- Installing: /state/cache/scratch/gap004/work/../install/share/noisemaker-qt/noisemaker/shaders/effects/synth/sacredGeometry
-- Installing: /state/cache/scratch/gap004/work/../install/share/noisemaker-qt/noisemaker/shaders/effects/synth/sacredGeometry/sacredGeometry.frag
-- Installing: /state/cache/scratch/gap004/work/../install/share/noisemaker-qt/noisemaker/shaders/effects/synth/gradient
-- Installing: /state/cache/scratch/gap004/work/../install/share/noisemaker-qt/noisemaker/shaders/effects/synth/gradient/gradient.frag
-- Installing: /state/cache/scratch/gap004/work/../install/share/noisemaker-qt/noisemaker/shaders/effects/synth/polygon
-- Installing: /state/cache/scratch/gap004/work/../install/share/noisemaker-qt/noisemaker/shaders/effects/synth/polygon/shape.frag
-- Installing: /state/cache/scratch/gap004/work/../install/share/noisemaker-qt/noisemaker/shaders/effects/synth/modPattern
-- Installing: /state/cache/scratch/gap004/work/../install/share/noisemaker-qt/noisemaker/shaders/effects/synth/modPattern/modPattern.frag
-- Installing: /state/cache/scratch/gap004/work/../install/share/noisemaker-qt/noisemaker/shaders/effects/synth/shape
-- Installing: /state/cache/scratch/gap004/work/../install/share/noisemaker-qt/noisemaker/shaders/effects/synth/shape/shape.frag
-- Installing: /state/cache/scratch/gap004/work/../install/share/noisemaker-qt/noisemaker/shaders/effects/synth/spectrum
-- Installing: /state/cache/scratch/gap004/work/../install/share/noisemaker-qt/noisemaker/shaders/effects/synth/spectrum/spectrum.frag
-- Installing: /state/cache/scratch/gap004/work/../install/share/noisemaker-qt/noisemaker/shaders/effects/synth/media
-- Installing: /state/cache/scratch/gap004/work/../install/share/noisemaker-qt/noisemaker/shaders/effects/synth/media/mediaInput.frag
-- Installing: /state/cache/scratch/gap004/work/../install/share/noisemaker-qt/noisemaker/shaders/effects/synth/mandala
-- Installing: /state/cache/scratch/gap004/work/../install/share/noisemaker-qt/noisemaker/shaders/effects/synth/mandala/mandala.frag
-- Installing: /state/cache/scratch/gap004/work/../install/share/noisemaker-qt/noisemaker/shaders/effects/synth/newton
-- Installing: /state/cache/scratch/gap004/work/../install/share/noisemaker-qt/noisemaker/shaders/effects/synth/newton/newton.frag
-- Installing: /state/cache/scratch/gap004/work/../install/share/noisemaker-qt/noisemaker/shaders/effects/synth/remap
-- Installing: /state/cache/scratch/gap004/work/../install/share/noisemaker-qt/noisemaker/shaders/effects/synth/remap/remap.frag
-- Installing: /state/cache/scratch/gap004/work/../install/share/noisemaker-qt/noisemaker/shaders/effects/synth/solid
-- Installing: /state/cache/scratch/gap004/work/../install/share/noisemaker-qt/noisemaker/shaders/effects/synth/solid/solid.frag
-- Installing: /state/cache/scratch/gap004/work/../install/share/noisemaker-qt/noisemaker/shaders/effects/synth/osc2d
-- Installing: /state/cache/scratch/gap004/work/../install/share/noisemaker-qt/noisemaker/shaders/effects/synth/osc2d/osc2d.frag
-- Installing: /state/cache/scratch/gap004/work/../install/share/noisemaker-qt/noisemaker/shaders/effects/synth/subdivide
-- Installing: /state/cache/scratch/gap004/work/../install/share/noisemaker-qt/noisemaker/shaders/effects/synth/subdivide/subdivide.frag
-- Installing: /state/cache/scratch/gap004/work/../install/share/noisemaker-qt/noisemaker/shaders/effects/synth/gabor
-- Installing: /state/cache/scratch/gap004/work/../install/share/noisemaker-qt/noisemaker/shaders/effects/synth/gabor/gabor.frag
-- Installing: /state/cache/scratch/gap004/work/../install/share/noisemaker-qt/noisemaker/shaders/effects/synth/cell
-- Installing: /state/cache/scratch/gap004/work/../install/share/noisemaker-qt/noisemaker/shaders/effects/synth/cell/cell.frag
-- Installing: /state/cache/scratch/gap004/work/../install/share/noisemaker-qt/noisemaker/shaders/effects/synth/bitwise
-- Installing: /state/cache/scratch/gap004/work/../install/share/noisemaker-qt/noisemaker/shaders/effects/synth/bitwise/bitwise.frag
-- Installing: /state/cache/scratch/gap004/work/../install/share/noisemaker-qt/noisemaker/shaders/effects/synth/reactionDiffusion
-- Installing: /state/cache/scratch/gap004/work/../install/share/noisemaker-qt/noisemaker/shaders/effects/synth/reactionDiffusion/rd.frag
-- Installing: /state/cache/scratch/gap004/work/../install/share/noisemaker-qt/noisemaker/shaders/effects/synth/reactionDiffusion/rdFb.frag
-- Installing: /state/cache/scratch/gap004/work/../install/share/noisemaker-qt/noisemaker/shaders/effects/synth/scope
-- Installing: /state/cache/scratch/gap004/work/../install/share/noisemaker-qt/noisemaker/shaders/effects/synth/scope/scope.frag
-- Installing: /state/cache/scratch/gap004/work/../install/share/noisemaker-qt/noisemaker/shaders/effects/synth/navierStokes
-- Installing: /state/cache/scratch/gap004/work/../install/share/noisemaker-qt/noisemaker/shaders/effects/synth/navierStokes/nsSplat.frag
-- Installing: /state/cache/scratch/gap004/work/../install/share/noisemaker-qt/noisemaker/shaders/effects/synth/navierStokes/nsAdvect.frag
-- Installing: /state/cache/scratch/gap004/work/../install/share/noisemaker-qt/noisemaker/shaders/effects/synth/navierStokes/ns.frag
-- Installing: /state/cache/scratch/gap004/work/../install/share/noisemaker-qt/noisemaker/shaders/effects/synth/navierStokes/nsDivergence.frag
-- Installing: /state/cache/scratch/gap004/work/../install/share/noisemaker-qt/noisemaker/shaders/effects/synth/navierStokes/nsGradient.frag
-- Installing: /state/cache/scratch/gap004/work/../install/share/noisemaker-qt/noisemaker/shaders/effects/synth/navierStokes/nsPressure.frag
-- Installing: /state/cache/scratch/gap004/work/../install/share/noisemaker-qt/noisemaker/shaders/effects/synth/navierStokes/nsSmooth.frag
-- Installing: /state/cache/scratch/gap004/work/../install/share/noisemaker-qt/noisemaker/shaders/effects/synth/curl
-- Installing: /state/cache/scratch/gap004/work/../install/share/noisemaker-qt/noisemaker/shaders/effects/synth/curl/curl.frag
-- Installing: /state/cache/scratch/gap004/work/../install/share/noisemaker-qt/noisemaker/shaders/effects/synth/mandelbrot
-- Installing: /state/cache/scratch/gap004/work/../install/share/noisemaker-qt/noisemaker/shaders/effects/synth/mandelbrot/mandelbrot.frag
-- Installing: /state/cache/scratch/gap004/work/../install/share/noisemaker-qt/noisemaker/shaders/effects/synth/julia
-- Installing: /state/cache/scratch/gap004/work/../install/share/noisemaker-qt/noisemaker/shaders/effects/synth/julia/julia.frag
-- Installing: /state/cache/scratch/gap004/work/../install/share/noisemaker-qt/noisemaker/shaders/effects/synth/roll
-- Installing: /state/cache/scratch/gap004/work/../install/share/noisemaker-qt/noisemaker/shaders/effects/synth/roll/roll.frag
-- Installing: /state/cache/scratch/gap004/work/../install/share/noisemaker-qt/noisemaker/shaders/effects/synth/roll/copy.frag
-- Installing: /state/cache/scratch/gap004/work/../install/share/noisemaker-qt/noisemaker/shaders/effects/synth/mnca
-- Installing: /state/cache/scratch/gap004/work/../install/share/noisemaker-qt/noisemaker/shaders/effects/synth/mnca/mnca.frag
-- Installing: /state/cache/scratch/gap004/work/../install/share/noisemaker-qt/noisemaker/shaders/effects/synth/mnca/mncaFb.frag
-- Installing: /state/cache/scratch/gap004/work/../install/share/noisemaker-qt/noisemaker/shaders/effects/synth/perlin
-- Installing: /state/cache/scratch/gap004/work/../install/share/noisemaker-qt/noisemaker/shaders/effects/synth/perlin/perlin.frag
-- Installing: /state/cache/scratch/gap004/work/../install/share/noisemaker-qt/noisemaker/shaders/effects/synth/noise
-- Installing: /state/cache/scratch/gap004/work/../install/share/noisemaker-qt/noisemaker/shaders/effects/synth/noise/noise.frag
-- Installing: /state/cache/scratch/gap004/work/../install/share/noisemaker-qt/noisemaker/shaders/effects/synth/cellularAutomata
-- Installing: /state/cache/scratch/gap004/work/../install/share/noisemaker-qt/noisemaker/shaders/effects/synth/cellularAutomata/ca.frag
-- Installing: /state/cache/scratch/gap004/work/../install/share/noisemaker-qt/noisemaker/shaders/effects/synth/cellularAutomata/caFb.frag
-- Installing: /state/cache/scratch/gap004/work/../install/share/noisemaker-qt/noisemaker/shaders/effects/synth/pattern
-- Installing: /state/cache/scratch/gap004/work/../install/share/noisemaker-qt/noisemaker/shaders/effects/synth/pattern/pattern.frag
-- Installing: /state/cache/scratch/gap004/work/../install/share/noisemaker-qt/noisemaker/shaders/effects/filter3d
-- Installing: /state/cache/scratch/gap004/work/../install/share/noisemaker-qt/noisemaker/shaders/effects/filter3d/flow3d
-- Installing: /state/cache/scratch/gap004/work/../install/share/noisemaker-qt/noisemaker/shaders/effects/filter3d/flow3d/diffuse.frag
-- Installing: /state/cache/scratch/gap004/work/../install/share/noisemaker-qt/noisemaker/shaders/effects/filter3d/flow3d/deposit.vert
-- Installing: /state/cache/scratch/gap004/work/../install/share/noisemaker-qt/noisemaker/shaders/effects/filter3d/flow3d/deposit.frag
-- Installing: /state/cache/scratch/gap004/work/../install/share/noisemaker-qt/noisemaker/shaders/effects/filter3d/flow3d/agent.frag
-- Installing: /state/cache/scratch/gap004/work/../install/share/noisemaker-qt/noisemaker/shaders/effects/filter3d/flow3d/copy.frag
-- Installing: /state/cache/scratch/gap004/work/../install/share/noisemaker-qt/noisemaker/shaders/effects/filter3d/flow3d/blend.frag
-- Installing: /state/cache/scratch/gap004/work/../install/share/noisemaker-qt/noisemaker/shaders/effects/filter3d/palette3d
-- Installing: /state/cache/scratch/gap004/work/../install/share/noisemaker-qt/noisemaker/shaders/effects/filter3d/palette3d/palette3d.frag
-- Installing: /state/cache/scratch/gap004/work/../install/share/noisemaker-qt/noisemaker/shaders/effects/filter
-- Installing: /state/cache/scratch/gap004/work/../install/share/noisemaker-qt/noisemaker/shaders/effects/filter/prismaticAberration
-- Installing: /state/cache/scratch/gap004/work/../install/share/noisemaker-qt/noisemaker/shaders/effects/filter/prismaticAberration/prismaticAberration.frag
-- Installing: /state/cache/scratch/gap004/work/../install/share/noisemaker-qt/noisemaker/shaders/effects/filter/halftone
-- Installing: /state/cache/scratch/gap004/work/../install/share/noisemaker-qt/noisemaker/shaders/effects/filter/halftone/halftone.frag
-- Installing: /state/cache/scratch/gap004/work/../install/share/noisemaker-qt/noisemaker/shaders/effects/filter/wormhole
-- Installing: /state/cache/scratch/gap004/work/../install/share/noisemaker-qt/noisemaker/shaders/effects/filter/wormhole/clear.frag
-- Installing: /state/cache/scratch/gap004/work/../install/share/noisemaker-qt/noisemaker/shaders/effects/filter/wormhole/deposit.vert
-- Installing: /state/cache/scratch/gap004/work/../install/share/noisemaker-qt/noisemaker/shaders/effects/filter/wormhole/deposit.frag
-- Installing: /state/cache/scratch/gap004/work/../install/share/noisemaker-qt/noisemaker/shaders/effects/filter/wormhole/blend.frag
-- Installing: /state/cache/scratch/gap004/work/../install/share/noisemaker-qt/noisemaker/shaders/effects/filter/wobble
-- Installing: /state/cache/scratch/gap004/work/../install/share/noisemaker-qt/noisemaker/shaders/effects/filter/wobble/wobble.frag
-- Installing: /state/cache/scratch/gap004/work/../install/share/noisemaker-qt/noisemaker/shaders/effects/filter/glowingEdge
-- Installing: /state/cache/scratch/gap004/work/../install/share/noisemaker-qt/noisemaker/shaders/effects/filter/glowingEdge/glowingEdge.frag
-- Installing: /state/cache/scratch/gap004/work/../install/share/noisemaker-qt/noisemaker/shaders/effects/filter/text
-- Installing: /state/cache/scratch/gap004/work/../install/share/noisemaker-qt/noisemaker/shaders/effects/filter/text/text.frag
-- Installing: /state/cache/scratch/gap004/work/../install/share/noisemaker-qt/noisemaker/shaders/effects/filter/chrome
-- Installing: /state/cache/scratch/gap004/work/../install/share/noisemaker-qt/noisemaker/shaders/effects/filter/chrome/chMap.frag
-- Installing: /state/cache/scratch/gap004/work/../install/share/noisemaker-qt/noisemaker/shaders/effects/filter/chrome/chBlurV.frag
-- Installing: /state/cache/scratch/gap004/work/../install/share/noisemaker-qt/noisemaker/shaders/effects/filter/chrome/chBlurH.frag
-- Installing: /state/cache/scratch/gap004/work/../install/share/noisemaker-qt/noisemaker/shaders/effects/filter/vignette
-- Installing: /state/cache/scratch/gap004/work/../install/share/noisemaker-qt/noisemaker/shaders/effects/filter/vignette/vignette.frag
-- Installing: /state/cache/scratch/gap004/work/../install/share/noisemaker-qt/noisemaker/shaders/effects/filter/edge
-- Installing: /state/cache/scratch/gap004/work/../install/share/noisemaker-qt/noisemaker/shaders/effects/filter/edge/edge.frag
-- Installing: /state/cache/scratch/gap004/work/../install/share/noisemaker-qt/noisemaker/shaders/effects/filter/smoothstep
-- Installing: /state/cache/scratch/gap004/work/../install/share/noisemaker-qt/noisemaker/shaders/effects/filter/smoothstep/smoothstep.frag
-- Installing: /state/cache/scratch/gap004/work/../install/share/noisemaker-qt/noisemaker/shaders/effects/filter/vaseline
-- Installing: /state/cache/scratch/gap004/work/../install/share/noisemaker-qt/noisemaker/shaders/effects/filter/vaseline/upsample.frag
-- Installing: /state/cache/scratch/gap004/work/../install/share/noisemaker-qt/noisemaker/shaders/effects/filter/morphology
-- Installing: /state/cache/scratch/gap004/work/../install/share/noisemaker-qt/noisemaker/shaders/effects/filter/morphology/morphA.frag
-- Installing: /state/cache/scratch/gap004/work/../install/share/noisemaker-qt/noisemaker/shaders/effects/filter/morphology/morphB.frag
-- Installing: /state/cache/scratch/gap004/work/../install/share/noisemaker-qt/noisemaker/shaders/effects/filter/grade
-- Installing: /state/cache/scratch/gap004/work/../install/share/noisemaker-qt/noisemaker/shaders/effects/filter/grade/creative.frag
-- Installing: /state/cache/scratch/gap004/work/../install/share/noisemaker-qt/noisemaker/shaders/effects/filter/grade/vignette.frag
-- Installing: /state/cache/scratch/gap004/work/../install/share/noisemaker-qt/noisemaker/shaders/effects/filter/grade/hslSecondary.frag
-- Installing: /state/cache/scratch/gap004/work/../install/share/noisemaker-qt/noisemaker/shaders/effects/filter/grade/lut.frag
-- Installing: /state/cache/scratch/gap004/work/../install/share/noisemaker-qt/noisemaker/shaders/effects/filter/grade/primary.frag
-- Installing: /state/cache/scratch/gap004/work/../install/share/noisemaker-qt/noisemaker/shaders/effects/filter/grade/wheels.frag
-- Installing: /state/cache/scratch/gap004/work/../install/share/noisemaker-qt/noisemaker/shaders/effects/filter/posterize
-- Installing: /state/cache/scratch/gap004/work/../install/share/noisemaker-qt/noisemaker/shaders/effects/filter/posterize/posterize.frag
-- Installing: /state/cache/scratch/gap004/work/../install/share/noisemaker-qt/noisemaker/shaders/effects/filter/step
-- Installing: /state/cache/scratch/gap004/work/../install/share/noisemaker-qt/noisemaker/shaders/effects/filter/step/step.frag
-- Installing: /state/cache/scratch/gap004/work/../install/share/noisemaker-qt/noisemaker/shaders/effects/filter/seamless
-- Installing: /state/cache/scratch/gap004/work/../install/share/noisemaker-qt/noisemaker/shaders/effects/filter/seamless/seamless.frag
-- Installing: /state/cache/scratch/gap004/work/../install/share/noisemaker-qt/noisemaker/shaders/effects/filter/pinch
-- Installing: /state/cache/scratch/gap004/work/../install/share/noisemaker-qt/noisemaker/shaders/effects/filter/pinch/pinch.frag
-- Installing: /state/cache/scratch/gap004/work/../install/share/noisemaker-qt/noisemaker/shaders/effects/filter/wind
-- Installing: /state/cache/scratch/gap004/work/../install/share/noisemaker-qt/noisemaker/shaders/effects/filter/wind/wind.frag
-- Installing: /state/cache/scratch/gap004/work/../install/share/noisemaker-qt/noisemaker/shaders/effects/filter/glyphMap
-- Installing: /state/cache/scratch/gap004/work/../install/share/noisemaker-qt/noisemaker/shaders/effects/filter/glyphMap/glyphMap.frag
-- Installing: /state/cache/scratch/gap004/work/../install/share/noisemaker-qt/noisemaker/shaders/effects/filter/motionBlur
-- Installing: /state/cache/scratch/gap004/work/../install/share/noisemaker-qt/noisemaker/shaders/effects/filter/motionBlur/copy.frag
-- Installing: /state/cache/scratch/gap004/work/../install/share/noisemaker-qt/noisemaker/shaders/effects/filter/motionBlur/motionBlur.frag
-- Installing: /state/cache/scratch/gap004/work/../install/share/noisemaker-qt/noisemaker/shaders/effects/filter/snow
-- Installing: /state/cache/scratch/gap004/work/../install/share/noisemaker-qt/noisemaker/shaders/effects/filter/snow/snow.frag
-- Installing: /state/cache/scratch/gap004/work/../install/share/noisemaker-qt/noisemaker/shaders/effects/filter/convolutionFeedback
-- Installing: /state/cache/scratch/gap004/work/../install/share/noisemaker-qt/noisemaker/shaders/effects/filter/convolutionFeedback/cfBlur.frag
-- Installing: /state/cache/scratch/gap004/work/../install/share/noisemaker-qt/noisemaker/shaders/effects/filter/convolutionFeedback/cfBlend.frag
-- Installing: /state/cache/scratch/gap004/work/../install/share/noisemaker-qt/noisemaker/shaders/effects/filter/convolutionFeedback/cfSharpen.frag
-- Installing: /state/cache/scratch/gap004/work/../install/share/noisemaker-qt/noisemaker/shaders/effects/filter/chromaticAberration
-- Installing: /state/cache/scratch/gap004/work/../install/share/noisemaker-qt/noisemaker/shaders/effects/filter/chromaticAberration/chromaticAberration.frag
-- Installing: /state/cache/scratch/gap004/work/../install/share/noisemaker-qt/noisemaker/shaders/effects/filter/sobel
-- Installing: /state/cache/scratch/gap004/work/../install/share/noisemaker-qt/noisemaker/shaders/effects/filter/sobel/sobel.frag
-- Installing: /state/cache/scratch/gap004/work/../install/share/noisemaker-qt/noisemaker/shaders/effects/filter/osd
-- Installing: /state/cache/scratch/gap004/work/../install/share/noisemaker-qt/noisemaker/shaders/effects/filter/osd/osd.frag
-- Installing: /state/cache/scratch/gap004/work/../install/share/noisemaker-qt/noisemaker/shaders/effects/filter/strayHair
-- Installing: /state/cache/scratch/gap004/work/../install/share/noisemaker-qt/noisemaker/shaders/effects/filter/strayHair/strayHairBlend.frag
-- Installing: /state/cache/scratch/gap004/work/../install/share/noisemaker-qt/noisemaker/shaders/effects/filter/bulge
-- Installing: /state/cache/scratch/gap004/work/../install/share/noisemaker-qt/noisemaker/shaders/effects/filter/bulge/bulge.frag
-- Installing: /state/cache/scratch/gap004/work/../install/share/noisemaker-qt/noisemaker/shaders/effects/filter/skew
-- Installing: /state/cache/scratch/gap004/work/../install/share/noisemaker-qt/noisemaker/shaders/effects/filter/skew/skew.frag
-- Installing: /state/cache/scratch/gap004/work/../install/share/noisemaker-qt/noisemaker/shaders/effects/filter/palette
-- Installing: /state/cache/scratch/gap004/work/../install/share/noisemaker-qt/noisemaker/shaders/effects/filter/palette/palette.frag
-- Installing: /state/cache/scratch/gap004/work/../install/share/noisemaker-qt/noisemaker/shaders/effects/filter/colorReplace
-- Installing: /state/cache/scratch/gap004/work/../install/share/noisemaker-qt/noisemaker/shaders/effects/filter/colorReplace/colorReplace.frag
-- Installing: /state/cache/scratch/gap004/work/../install/share/noisemaker-qt/noisemaker/shaders/effects/filter/temporalAberration
-- Installing: /state/cache/scratch/gap004/work/../install/share/noisemaker-qt/noisemaker/shaders/effects/filter/temporalAberration/delayShift.frag
-- Installing: /state/cache/scratch/gap004/work/../install/share/noisemaker-qt/noisemaker/shaders/effects/filter/temporalAberration/temporalAberration.frag
-- Installing: /state/cache/scratch/gap004/work/../install/share/noisemaker-qt/noisemaker/shaders/effects/filter/extrude
-- Installing: /state/cache/scratch/gap004/work/../install/share/noisemaker-qt/noisemaker/shaders/effects/filter/extrude/extrude.frag
-- Installing: /state/cache/scratch/gap004/work/../install/share/noisemaker-qt/noisemaker/shaders/effects/filter/scatter
-- Installing: /state/cache/scratch/gap004/work/../install/share/noisemaker-qt/noisemaker/shaders/effects/filter/scatter/scatterSmooth.frag
-- Installing: /state/cache/scratch/gap004/work/../install/share/noisemaker-qt/noisemaker/shaders/effects/filter/scatter/scatterJitter.frag
-- Installing: /state/cache/scratch/gap004/work/../install/share/noisemaker-qt/noisemaker/shaders/effects/filter/lensFlare
-- Installing: /state/cache/scratch/gap004/work/../install/share/noisemaker-qt/noisemaker/shaders/effects/filter/lensFlare/lensFlare.frag
-- Installing: /state/cache/scratch/gap004/work/../install/share/noisemaker-qt/noisemaker/shaders/effects/filter/scale
-- Installing: /state/cache/scratch/gap004/work/../install/share/noisemaker-qt/noisemaker/shaders/effects/filter/scale/scale.frag
-- Installing: /state/cache/scratch/gap004/work/../install/share/noisemaker-qt/noisemaker/shaders/effects/filter/repeat
-- Installing: /state/cache/scratch/gap004/work/../install/share/noisemaker-qt/noisemaker/shaders/effects/filter/repeat/repeat.frag
-- Installing: /state/cache/scratch/gap004/work/../install/share/noisemaker-qt/noisemaker/shaders/effects/filter/hatch
-- Installing: /state/cache/scratch/gap004/work/../install/share/noisemaker-qt/noisemaker/shaders/effects/filter/hatch/hatch.frag
-- Installing: /state/cache/scratch/gap004/work/../install/share/noisemaker-qt/noisemaker/shaders/effects/filter/lightLeak
-- Installing: /state/cache/scratch/gap004/work/../install/share/noisemaker-qt/noisemaker/shaders/effects/filter/lightLeak/lightLeak.frag
-- Installing: /state/cache/scratch/gap004/work/../install/share/noisemaker-qt/noisemaker/shaders/effects/filter/flipMirror
-- Installing: /state/cache/scratch/gap004/work/../install/share/noisemaker-qt/noisemaker/shaders/effects/filter/flipMirror/flipMirror.frag
-- Installing: /state/cache/scratch/gap004/work/../install/share/noisemaker-qt/noisemaker/shaders/effects/filter/emboss
-- Installing: /state/cache/scratch/gap004/work/../install/share/noisemaker-qt/noisemaker/shaders/effects/filter/emboss/emboss.frag
-- Installing: /state/cache/scratch/gap004/work/../install/share/noisemaker-qt/noisemaker/shaders/effects/filter/deriv
-- Installing: /state/cache/scratch/gap004/work/../install/share/noisemaker-qt/noisemaker/shaders/effects/filter/deriv/deriv.frag
-- Installing: /state/cache/scratch/gap004/work/../install/share/noisemaker-qt/noisemaker/shaders/effects/filter/stipple
-- Installing: /state/cache/scratch/gap004/work/../install/share/noisemaker-qt/noisemaker/shaders/effects/filter/stipple/stipple.frag
-- Installing: /state/cache/scratch/gap004/work/../install/share/noisemaker-qt/noisemaker/shaders/effects/filter/simpleAberration
-- Installing: /state/cache/scratch/gap004/work/../install/share/noisemaker-qt/noisemaker/shaders/effects/filter/simpleAberration/chromaticAberration.frag
-- Installing: /state/cache/scratch/gap004/work/../install/share/noisemaker-qt/noisemaker/shaders/effects/filter/chroma
-- Installing: /state/cache/scratch/gap004/work/../install/share/noisemaker-qt/noisemaker/shaders/effects/filter/chroma/chroma.frag
-- Installing: /state/cache/scratch/gap004/work/../install/share/noisemaker-qt/noisemaker/shaders/effects/filter/dither
-- Installing: /state/cache/scratch/gap004/work/../install/share/noisemaker-qt/noisemaker/shaders/effects/filter/dither/dither.frag
-- Installing: /state/cache/scratch/gap004/work/../install/share/noisemaker-qt/noisemaker/shaders/effects/filter/relief
-- Installing: /state/cache/scratch/gap004/work/../install/share/noisemaker-qt/noisemaker/shaders/effects/filter/relief/rlShade.frag
-- Installing: /state/cache/scratch/gap004/work/../install/share/noisemaker-qt/noisemaker/shaders/effects/filter/relief/rlBlurV.frag
-- Installing: /state/cache/scratch/gap004/work/../install/share/noisemaker-qt/noisemaker/shaders/effects/filter/relief/rlBlurH.frag
-- Installing: /state/cache/scratch/gap004/work/../install/share/noisemaker-qt/noisemaker/shaders/effects/filter/_shared
-- Installing: /state/cache/scratch/gap004/work/../install/share/noisemaker-qt/noisemaker/shaders/effects/filter/_shared/overlayBlend.frag
-- Installing: /state/cache/scratch/gap004/work/../install/share/noisemaker-qt/noisemaker/shaders/effects/filter/zoomBlur
-- Installing: /state/cache/scratch/gap004/work/../install/share/noisemaker-qt/noisemaker/shaders/effects/filter/zoomBlur/zoomBlur.frag
-- Installing: /state/cache/scratch/gap004/work/../install/share/noisemaker-qt/noisemaker/shaders/effects/filter/scratches
-- Installing: /state/cache/scratch/gap004/work/../install/share/noisemaker-qt/noisemaker/shaders/effects/filter/scratches/scratchesBlend.frag
-- Installing: /state/cache/scratch/gap004/work/../install/share/noisemaker-qt/noisemaker/shaders/effects/filter/highPass
-- Installing: /state/cache/scratch/gap004/work/../install/share/noisemaker-qt/noisemaker/shaders/effects/filter/highPass/hpCombine.frag
-- Installing: /state/cache/scratch/gap004/work/../install/share/noisemaker-qt/noisemaker/shaders/effects/filter/highPass/hpBlurV.frag
-- Installing: /state/cache/scratch/gap004/work/../install/share/noisemaker-qt/noisemaker/shaders/effects/filter/highPass/hpBlurH.frag
-- Installing: /state/cache/scratch/gap004/work/../install/share/noisemaker-qt/noisemaker/shaders/effects/filter/waves
-- Installing: /state/cache/scratch/gap004/work/../install/share/noisemaker-qt/noisemaker/shaders/effects/filter/waves/waves.frag
-- Installing: /state/cache/scratch/gap004/work/../install/share/noisemaker-qt/noisemaker/shaders/effects/filter/stamp
-- Installing: /state/cache/scratch/gap004/work/../install/share/noisemaker-qt/noisemaker/shaders/effects/filter/stamp/stThreshold.frag
-- Installing: /state/cache/scratch/gap004/work/../install/share/noisemaker-qt/noisemaker/shaders/effects/filter/stamp/stBlurH.frag
-- Installing: /state/cache/scratch/gap004/work/../install/share/noisemaker-qt/noisemaker/shaders/effects/filter/stamp/stBlurV.frag
-- Installing: /state/cache/scratch/gap004/work/../install/share/noisemaker-qt/noisemaker/shaders/effects/filter/fibers
-- Installing: /state/cache/scratch/gap004/work/../install/share/noisemaker-qt/noisemaker/shaders/effects/filter/fibers/fibersBlend.frag
-- Installing: /state/cache/scratch/gap004/work/../install/share/noisemaker-qt/noisemaker/shaders/effects/filter/rotate
-- Installing: /state/cache/scratch/gap004/work/../install/share/noisemaker-qt/noisemaker/shaders/effects/filter/rotate/rot.frag
-- Installing: /state/cache/scratch/gap004/work/../install/share/noisemaker-qt/noisemaker/shaders/effects/filter/patchwork
-- Installing: /state/cache/scratch/gap004/work/../install/share/noisemaker-qt/noisemaker/shaders/effects/filter/patchwork/patchwork.frag
-- Installing: /state/cache/scratch/gap004/work/../install/share/noisemaker-qt/noisemaker/shaders/effects/filter/spatter
-- Installing: /state/cache/scratch/gap004/work/../install/share/noisemaker-qt/noisemaker/shaders/effects/filter/spatter/spatter.frag
-- Installing: /state/cache/scratch/gap004/work/../install/share/noisemaker-qt/noisemaker/shaders/effects/filter/tile
-- Installing: /state/cache/scratch/gap004/work/../install/share/noisemaker-qt/noisemaker/shaders/effects/filter/tile/tile.frag
-- Installing: /state/cache/scratch/gap004/work/../install/share/noisemaker-qt/noisemaker/shaders/effects/filter/adjust
-- Installing: /state/cache/scratch/gap004/work/../install/share/noisemaker-qt/noisemaker/shaders/effects/filter/adjust/adjust.frag
-- Installing: /state/cache/scratch/gap004/work/../install/share/noisemaker-qt/noisemaker/shaders/effects/filter/reverb
-- Installing: /state/cache/scratch/gap004/work/../install/share/noisemaker-qt/noisemaker/shaders/effects/filter/reverb/reverb.frag
-- Installing: /state/cache/scratch/gap004/work/../install/share/noisemaker-qt/noisemaker/shaders/effects/filter/octaveWarp
-- Installing: /state/cache/scratch/gap004/work/../install/share/noisemaker-qt/noisemaker/shaders/effects/filter/octaveWarp/octaveWarp.frag
-- Installing: /state/cache/scratch/gap004/work/../install/share/noisemaker-qt/noisemaker/shaders/effects/filter/craquelure
-- Installing: /state/cache/scratch/gap004/work/../install/share/noisemaker-qt/noisemaker/shaders/effects/filter/craquelure/craquelure.frag
-- Installing: /state/cache/scratch/gap004/work/../install/share/noisemaker-qt/noisemaker/shaders/effects/filter/ridge
-- Installing: /state/cache/scratch/gap004/work/../install/share/noisemaker-qt/noisemaker/shaders/effects/filter/ridge/ridge.frag
-- Installing: /state/cache/scratch/gap004/work/../install/share/noisemaker-qt/noisemaker/shaders/effects/filter/grain
-- Installing: /state/cache/scratch/gap004/work/../install/share/noisemaker-qt/noisemaker/shaders/effects/filter/grain/grain.frag
-- Installing: /state/cache/scratch/gap004/work/../install/share/noisemaker-qt/noisemaker/shaders/effects/filter/strokes
-- Installing: /state/cache/scratch/gap004/work/../install/share/noisemaker-qt/noisemaker/shaders/effects/filter/strokes/stkPost.frag
-- Installing: /state/cache/scratch/gap004/work/../install/share/noisemaker-qt/noisemaker/shaders/effects/filter/strokes/stkSmear.frag
-- Installing: /state/cache/scratch/gap004/work/../install/share/noisemaker-qt/noisemaker/shaders/effects/filter/translate
-- Installing: /state/cache/scratch/gap004/work/../install/share/noisemaker-qt/noisemaker/shaders/effects/filter/translate/translate.frag
-- Installing: /state/cache/scratch/gap004/work/../install/share/noisemaker-qt/noisemaker/shaders/effects/filter/median
-- Installing: /state/cache/scratch/gap004/work/../install/share/noisemaker-qt/noisemaker/shaders/effects/filter/median/median.frag
-- Installing: /state/cache/scratch/gap004/work/../install/share/noisemaker-qt/noisemaker/shaders/effects/filter/reindex
-- Installing: /state/cache/scratch/gap004/work/../install/share/noisemaker-qt/noisemaker/shaders/effects/filter/reindex/nmReindexReduce.frag
-- Installing: /state/cache/scratch/gap004/work/../install/share/noisemaker-qt/noisemaker/shaders/effects/filter/reindex/nmReindexApply.frag
-- Installing: /state/cache/scratch/gap004/work/../install/share/noisemaker-qt/noisemaker/shaders/effects/filter/reindex/nmReindexStats.frag
-- Installing: /state/cache/scratch/gap004/work/../install/share/noisemaker-qt/noisemaker/shaders/effects/filter/threshold
-- Installing: /state/cache/scratch/gap004/work/../install/share/noisemaker-qt/noisemaker/shaders/effects/filter/threshold/thresh.frag
-- Installing: /state/cache/scratch/gap004/work/../install/share/noisemaker-qt/noisemaker/shaders/effects/filter/polar
-- Installing: /state/cache/scratch/gap004/work/../install/share/noisemaker-qt/noisemaker/shaders/effects/filter/polar/polar.frag
-- Installing: /state/cache/scratch/gap004/work/../install/share/noisemaker-qt/noisemaker/shaders/effects/filter/bloom
-- Installing: /state/cache/scratch/gap004/work/../install/share/noisemaker-qt/noisemaker/shaders/effects/filter/bloom/brightPass.frag
-- Installing: /state/cache/scratch/gap004/work/../install/share/noisemaker-qt/noisemaker/shaders/effects/filter/bloom/composite.frag
-- Installing: /state/cache/scratch/gap004/work/../install/share/noisemaker-qt/noisemaker/shaders/effects/filter/bloom/ntapGather.frag
-- Installing: /state/cache/scratch/gap004/work/../install/share/noisemaker-qt/noisemaker/shaders/effects/filter/sharpen
-- Installing: /state/cache/scratch/gap004/work/../install/share/noisemaker-qt/noisemaker/shaders/effects/filter/sharpen/sharpen.frag
-- Installing: /state/cache/scratch/gap004/work/../install/share/noisemaker-qt/noisemaker/shaders/effects/filter/historicPalette
-- Installing: /state/cache/scratch/gap004/work/../install/share/noisemaker-qt/noisemaker/shaders/effects/filter/historicPalette/historicPalette.frag
-- Installing: /state/cache/scratch/gap004/work/../install/share/noisemaker-qt/noisemaker/shaders/effects/filter/watercolor
-- Installing: /state/cache/scratch/gap004/work/../install/share/noisemaker-qt/noisemaker/shaders/effects/filter/watercolor/wcComposite.frag
-- Installing: /state/cache/scratch/gap004/work/../install/share/noisemaker-qt/noisemaker/shaders/effects/filter/watercolor/wcSeed.frag
-- Installing: /state/cache/scratch/gap004/work/../install/share/noisemaker-qt/noisemaker/shaders/effects/filter/watercolor/wcSimplify.frag
-- Installing: /state/cache/scratch/gap004/work/../install/share/noisemaker-qt/noisemaker/shaders/effects/filter/pondRipples
-- Installing: /state/cache/scratch/gap004/work/../install/share/noisemaker-qt/noisemaker/shaders/effects/filter/pondRipples/pondRipples.frag
-- Installing: /state/cache/scratch/gap004/work/../install/share/noisemaker-qt/noisemaker/shaders/effects/filter/tetraColorArray
-- Installing: /state/cache/scratch/gap004/work/../install/share/noisemaker-qt/noisemaker/shaders/effects/filter/tetraColorArray/tetraColorArray.frag
-- Installing: /state/cache/scratch/gap004/work/../install/share/noisemaker-qt/noisemaker/shaders/effects/filter/spinBlur
-- Installing: /state/cache/scratch/gap004/work/../install/share/noisemaker-qt/noisemaker/shaders/effects/filter/spinBlur/spinBlur.frag
-- Installing: /state/cache/scratch/gap004/work/../install/share/noisemaker-qt/noisemaker/shaders/effects/filter/degauss
-- Installing: /state/cache/scratch/gap004/work/../install/share/noisemaker-qt/noisemaker/shaders/effects/filter/degauss/degauss.frag
-- Installing: /state/cache/scratch/gap004/work/../install/share/noisemaker-qt/noisemaker/shaders/effects/filter/channel
-- Installing: /state/cache/scratch/gap004/work/../install/share/noisemaker-qt/noisemaker/shaders/effects/filter/channel/channel.frag
-- Installing: /state/cache/scratch/gap004/work/../install/share/noisemaker-qt/noisemaker/shaders/effects/filter/lensWarp
-- Installing: /state/cache/scratch/gap004/work/../install/share/noisemaker-qt/noisemaker/shaders/effects/filter/lensWarp/lensWarp.frag
-- Installing: /state/cache/scratch/gap004/work/../install/share/noisemaker-qt/noisemaker/shaders/effects/filter/lighting
-- Installing: /state/cache/scratch/gap004/work/../install/share/noisemaker-qt/noisemaker/shaders/effects/filter/lighting/lighting.frag
-- Installing: /state/cache/scratch/gap004/work/../install/share/noisemaker-qt/noisemaker/shaders/effects/filter/spiral
-- Installing: /state/cache/scratch/gap004/work/../install/share/noisemaker-qt/noisemaker/shaders/effects/filter/spiral/spiral.frag
-- Installing: /state/cache/scratch/gap004/work/../install/share/noisemaker-qt/noisemaker/shaders/effects/filter/tetraCosine
-- Installing: /state/cache/scratch/gap004/work/../install/share/noisemaker-qt/noisemaker/shaders/effects/filter/tetraCosine/tetraCosine.frag
-- Installing: /state/cache/scratch/gap004/work/../install/share/noisemaker-qt/noisemaker/shaders/effects/filter/outline
-- Installing: /state/cache/scratch/gap004/work/../install/share/noisemaker-qt/noisemaker/shaders/effects/filter/outline/outlineValueMap.frag
-- Installing: /state/cache/scratch/gap004/work/../install/share/noisemaker-qt/noisemaker/shaders/effects/filter/outline/outlineBlend.frag
-- Installing: /state/cache/scratch/gap004/work/../install/share/noisemaker-qt/noisemaker/shaders/effects/filter/outline/outlineSobel.frag
-- Installing: /state/cache/scratch/gap004/work/../install/share/noisemaker-qt/noisemaker/shaders/effects/filter/pixelSort
-- Installing: /state/cache/scratch/gap004/work/../install/share/noisemaker-qt/noisemaker/shaders/effects/filter/pixelSort/finalize.frag
-- Installing: /state/cache/scratch/gap004/work/../install/share/noisemaker-qt/noisemaker/shaders/effects/filter/pixelSort/findBrightest.frag
-- Installing: /state/cache/scratch/gap004/work/../install/share/noisemaker-qt/noisemaker/shaders/effects/filter/pixelSort/prepare.frag
-- Installing: /state/cache/scratch/gap004/work/../install/share/noisemaker-qt/noisemaker/shaders/effects/filter/pixelSort/gatherSorted.frag
-- Installing: /state/cache/scratch/gap004/work/../install/share/noisemaker-qt/noisemaker/shaders/effects/filter/pixelSort/luminance.frag
-- Installing: /state/cache/scratch/gap004/work/../install/share/noisemaker-qt/noisemaker/shaders/effects/filter/pixelSort/computeRank.frag
-- Installing: /state/cache/scratch/gap004/work/../install/share/noisemaker-qt/noisemaker/shaders/effects/filter/feedback
-- Installing: /state/cache/scratch/gap004/work/../install/share/noisemaker-qt/noisemaker/shaders/effects/filter/feedback/feedback.frag
-- Installing: /state/cache/scratch/gap004/work/../install/share/noisemaker-qt/noisemaker/shaders/effects/filter/feedback/copy.frag
-- Installing: /state/cache/scratch/gap004/work/../install/share/noisemaker-qt/noisemaker/shaders/effects/filter/oilPaint
-- Installing: /state/cache/scratch/gap004/work/../install/share/noisemaker-qt/noisemaker/shaders/effects/filter/oilPaint/oilPost.frag
-- Installing: /state/cache/scratch/gap004/work/../install/share/noisemaker-qt/noisemaker/shaders/effects/filter/oilPaint/oilFlatten.frag
-- Installing: /state/cache/scratch/gap004/work/../install/share/noisemaker-qt/noisemaker/shaders/effects/filter/celShading
-- Installing: /state/cache/scratch/gap004/work/../install/share/noisemaker-qt/noisemaker/shaders/effects/filter/celShading/celShadingColor.frag
-- Installing: /state/cache/scratch/gap004/work/../install/share/noisemaker-qt/noisemaker/shaders/effects/filter/celShading/celShadingEdges.frag
-- Installing: /state/cache/scratch/gap004/work/../install/share/noisemaker-qt/noisemaker/shaders/effects/filter/celShading/celShadingBlend.frag
-- Installing: /state/cache/scratch/gap004/work/../install/share/noisemaker-qt/noisemaker/shaders/effects/filter/blur
-- Installing: /state/cache/scratch/gap004/work/../install/share/noisemaker-qt/noisemaker/shaders/effects/filter/blur/blurV.frag
-- Installing: /state/cache/scratch/gap004/work/../install/share/noisemaker-qt/noisemaker/shaders/effects/filter/blur/blurH.frag
-- Installing: /state/cache/scratch/gap004/work/../install/share/noisemaker-qt/noisemaker/shaders/effects/filter/invert
-- Installing: /state/cache/scratch/gap004/work/../install/share/noisemaker-qt/noisemaker/shaders/effects/filter/invert/inv.frag
-- Installing: /state/cache/scratch/gap004/work/../install/share/noisemaker-qt/noisemaker/shaders/effects/filter/warp
-- Installing: /state/cache/scratch/gap004/work/../install/share/noisemaker-qt/noisemaker/shaders/effects/filter/warp/warp.frag
-- Installing: /state/cache/scratch/gap004/work/../install/share/noisemaker-qt/noisemaker/shaders/effects/filter/unsharpMask
-- Installing: /state/cache/scratch/gap004/work/../install/share/noisemaker-qt/noisemaker/shaders/effects/filter/unsharpMask/usmCombine.frag
-- Installing: /state/cache/scratch/gap004/work/../install/share/noisemaker-qt/noisemaker/shaders/effects/filter/unsharpMask/usmBlurV.frag
-- Installing: /state/cache/scratch/gap004/work/../install/share/noisemaker-qt/noisemaker/shaders/effects/filter/unsharpMask/usmBlurH.frag
-- Installing: /state/cache/scratch/gap004/work/../install/share/noisemaker-qt/noisemaker/shaders/effects/filter/texture
-- Installing: /state/cache/scratch/gap004/work/../install/share/noisemaker-qt/noisemaker/shaders/effects/filter/texture/texture.frag
-- Installing: /state/cache/scratch/gap004/work/../install/share/noisemaker-qt/noisemaker/shaders/effects/filter/corrupt
-- Installing: /state/cache/scratch/gap004/work/../install/share/noisemaker-qt/noisemaker/shaders/effects/filter/corrupt/corrupt.frag
-- Installing: /state/cache/scratch/gap004/work/../install/share/noisemaker-qt/noisemaker/shaders/effects/filter/parallax
-- Installing: /state/cache/scratch/gap004/work/../install/share/noisemaker-qt/noisemaker/shaders/effects/filter/parallax/parallax.frag
-- Installing: /state/cache/scratch/gap004/work/../install/share/noisemaker-qt/noisemaker/shaders/effects/filter/scanlineError
-- Installing: /state/cache/scratch/gap004/work/../install/share/noisemaker-qt/noisemaker/shaders/effects/filter/scanlineError/scanlineError.frag
-- Installing: /state/cache/scratch/gap004/work/../install/share/noisemaker-qt/noisemaker/shaders/effects/filter/smooth
-- Installing: /state/cache/scratch/gap004/work/../install/share/noisemaker-qt/noisemaker/shaders/effects/filter/smooth/smoothEdge.frag
-- Installing: /state/cache/scratch/gap004/work/../install/share/noisemaker-qt/noisemaker/shaders/effects/filter/smooth/smoothBlend.frag
-- Installing: /state/cache/scratch/gap004/work/../install/share/noisemaker-qt/noisemaker/shaders/effects/filter/clouds
-- Installing: /state/cache/scratch/gap004/work/../install/share/noisemaker-qt/noisemaker/shaders/effects/filter/clouds/clouds.frag
-- Installing: /state/cache/scratch/gap004/work/../install/share/noisemaker-qt/noisemaker/shaders/effects/filter/tint
-- Installing: /state/cache/scratch/gap004/work/../install/share/noisemaker-qt/noisemaker/shaders/effects/filter/tint/colorize.frag
-- Installing: /state/cache/scratch/gap004/work/../install/share/noisemaker-qt/noisemaker/shaders/effects/filter/spookyTicker
-- Installing: /state/cache/scratch/gap004/work/../install/share/noisemaker-qt/noisemaker/shaders/effects/filter/spookyTicker/spookyTicker.frag
-- Installing: /state/cache/scratch/gap004/work/../install/share/noisemaker-qt/noisemaker/shaders/effects/filter/plasticWrap
-- Installing: /state/cache/scratch/gap004/work/../install/share/noisemaker-qt/noisemaker/shaders/effects/filter/plasticWrap/pwBlurH.frag
-- Installing: /state/cache/scratch/gap004/work/../install/share/noisemaker-qt/noisemaker/shaders/effects/filter/plasticWrap/pwBlurV.frag
-- Installing: /state/cache/scratch/gap004/work/../install/share/noisemaker-qt/noisemaker/shaders/effects/filter/plasticWrap/pwSpec.frag
-- Installing: /state/cache/scratch/gap004/work/../install/share/noisemaker-qt/noisemaker/shaders/effects/filter/crt
-- Installing: /state/cache/scratch/gap004/work/../install/share/noisemaker-qt/noisemaker/shaders/effects/filter/crt/crt.frag
-- Installing: /state/cache/scratch/gap004/work/../install/share/noisemaker-qt/noisemaker/shaders/effects/filter/scroll
-- Installing: /state/cache/scratch/gap004/work/../install/share/noisemaker-qt/noisemaker/shaders/effects/filter/scroll/scroll.frag
-- Installing: /state/cache/scratch/gap004/work/../install/share/noisemaker-qt/noisemaker/shaders/effects/filter/normalize
-- Installing: /state/cache/scratch/gap004/work/../install/share/noisemaker-qt/noisemaker/shaders/effects/filter/normalize/reduce.frag
-- Installing: /state/cache/scratch/gap004/work/../install/share/noisemaker-qt/noisemaker/shaders/effects/filter/normalize/reduceMinmax.frag
-- Installing: /state/cache/scratch/gap004/work/../install/share/noisemaker-qt/noisemaker/shaders/effects/filter/normalize/statsFinal.frag
-- Installing: /state/cache/scratch/gap004/work/../install/share/noisemaker-qt/noisemaker/shaders/effects/filter/normalize/apply.frag
-- Installing: /state/cache/scratch/gap004/work/../install/share/noisemaker-qt/noisemaker/shaders/effects/filter/pixels
-- Installing: /state/cache/scratch/gap004/work/../install/share/noisemaker-qt/noisemaker/shaders/effects/filter/pixels/pixels.frag
-- Installing: /state/cache/scratch/gap004/work/../install/share/noisemaker-qt/noisemaker/shaders/effects/filter/mosaicTiles
-- Installing: /state/cache/scratch/gap004/work/../install/share/noisemaker-qt/noisemaker/shaders/effects/filter/mosaicTiles/mosaicTiles.frag
-- Installing: /state/cache/scratch/gap004/work/../install/share/noisemaker-qt/noisemaker/shaders/effects/filter/tunnel
-- Installing: /state/cache/scratch/gap004/work/../install/share/noisemaker-qt/noisemaker/shaders/effects/filter/tunnel/tunnel.frag
-- Installing: /state/cache/scratch/gap004/work/../install/share/noisemaker-qt/noisemaker/shaders/effects/filter/lowPoly
-- Installing: /state/cache/scratch/gap004/work/../install/share/noisemaker-qt/noisemaker/shaders/effects/filter/lowPoly/lowPoly.frag
-- Installing: /state/cache/scratch/gap004/work/../install/share/noisemaker-qt/noisemaker/shaders/effects/filter/normalMap
-- Installing: /state/cache/scratch/gap004/work/../install/share/noisemaker-qt/noisemaker/shaders/effects/filter/normalMap/normalMap.frag
-- Installing: /state/cache/scratch/gap004/work/../install/share/noisemaker-qt/noisemaker/shaders/effects/filter/fxaa
-- Installing: /state/cache/scratch/gap004/work/../install/share/noisemaker-qt/noisemaker/shaders/effects/filter/fxaa/fxaa.frag
-- Installing: /state/cache/scratch/gap004/work/../install/share/noisemaker-qt/noisemaker/shaders/effects/filter/photocopy
-- Installing: /state/cache/scratch/gap004/work/../install/share/noisemaker-qt/noisemaker/shaders/effects/filter/photocopy/pcBlurV.frag
-- Installing: /state/cache/scratch/gap004/work/../install/share/noisemaker-qt/noisemaker/shaders/effects/filter/photocopy/pcBlurH.frag
-- Installing: /state/cache/scratch/gap004/work/../install/share/noisemaker-qt/noisemaker/shaders/effects/filter/photocopy/pcCombine.frag
-- Installing: /state/cache/scratch/gap004/work/../install/share/noisemaker-qt/noisemaker/shaders/effects/filter/directionalBlur
-- Installing: /state/cache/scratch/gap004/work/../install/share/noisemaker-qt/noisemaker/shaders/effects/filter/directionalBlur/directionalBlur.frag
-- Installing: /state/cache/scratch/gap004/work/../install/share/noisemaker-qt/noisemaker/shaders/effects/filter/lens
-- Installing: /state/cache/scratch/gap004/work/../install/share/noisemaker-qt/noisemaker/shaders/effects/filter/lens/lens.frag
-- Installing: /state/cache/scratch/gap004/work/../install/share/noisemaker-qt/noisemaker/shaders/effects/filter/sine
-- Installing: /state/cache/scratch/gap004/work/../install/share/noisemaker-qt/noisemaker/shaders/effects/filter/sine/sine.frag
-- Installing: /state/cache/scratch/gap004/work/../install/share/noisemaker-qt/noisemaker/shaders/effects/filter/grime
-- Installing: /state/cache/scratch/gap004/work/../install/share/noisemaker-qt/noisemaker/shaders/effects/filter/grime/grime.frag
-- Installing: /state/cache/scratch/gap004/work/../install/share/noisemaker-qt/noisemaker/shaders/effects/points
-- Installing: /state/cache/scratch/gap004/work/../install/share/noisemaker-qt/noisemaker/shaders/effects/points/flock
-- Installing: /state/cache/scratch/gap004/work/../install/share/noisemaker-qt/noisemaker/shaders/effects/points/flock/passthrough.frag
-- Installing: /state/cache/scratch/gap004/work/../install/share/noisemaker-qt/noisemaker/shaders/effects/points/flock/agent.frag
-- Installing: /state/cache/scratch/gap004/work/../install/share/noisemaker-qt/noisemaker/shaders/effects/points/life
-- Installing: /state/cache/scratch/gap004/work/../install/share/noisemaker-qt/noisemaker/shaders/effects/points/life/passthrough.frag
-- Installing: /state/cache/scratch/gap004/work/../install/share/noisemaker-qt/noisemaker/shaders/effects/points/life/matrix.frag
-- Installing: /state/cache/scratch/gap004/work/../install/share/noisemaker-qt/noisemaker/shaders/effects/points/life/agent.frag
-- Installing: /state/cache/scratch/gap004/work/../install/share/noisemaker-qt/noisemaker/shaders/effects/points/dla
-- Installing: /state/cache/scratch/gap004/work/../install/share/noisemaker-qt/noisemaker/shaders/effects/points/dla/passthrough.frag
-- Installing: /state/cache/scratch/gap004/work/../install/share/noisemaker-qt/noisemaker/shaders/effects/points/dla/depositGrid.vert
-- Installing: /state/cache/scratch/gap004/work/../install/share/noisemaker-qt/noisemaker/shaders/effects/points/dla/copyGrid.frag
-- Installing: /state/cache/scratch/gap004/work/../install/share/noisemaker-qt/noisemaker/shaders/effects/points/dla/initGrid.frag
-- Installing: /state/cache/scratch/gap004/work/../install/share/noisemaker-qt/noisemaker/shaders/effects/points/dla/agent.frag
-- Installing: /state/cache/scratch/gap004/work/../install/share/noisemaker-qt/noisemaker/shaders/effects/points/dla/depositGrid.frag
-- Installing: /state/cache/scratch/gap004/work/../install/share/noisemaker-qt/noisemaker/shaders/effects/points/physarum
-- Installing: /state/cache/scratch/gap004/work/../install/share/noisemaker-qt/noisemaker/shaders/effects/points/physarum/diffuse.frag
-- Installing: /state/cache/scratch/gap004/work/../install/share/noisemaker-qt/noisemaker/shaders/effects/points/physarum/passthrough.frag
-- Installing: /state/cache/scratch/gap004/work/../install/share/noisemaker-qt/noisemaker/shaders/effects/points/physarum/deposit.vert
-- Installing: /state/cache/scratch/gap004/work/../install/share/noisemaker-qt/noisemaker/shaders/effects/points/physarum/deposit.frag
-- Installing: /state/cache/scratch/gap004/work/../install/share/noisemaker-qt/noisemaker/shaders/effects/points/physarum/agent.frag
-- Installing: /state/cache/scratch/gap004/work/../install/share/noisemaker-qt/noisemaker/shaders/effects/points/hydraulic
-- Installing: /state/cache/scratch/gap004/work/../install/share/noisemaker-qt/noisemaker/shaders/effects/points/hydraulic/passthrough.frag
-- Installing: /state/cache/scratch/gap004/work/../install/share/noisemaker-qt/noisemaker/shaders/effects/points/hydraulic/agent.frag
-- Installing: /state/cache/scratch/gap004/work/../install/share/noisemaker-qt/noisemaker/shaders/effects/points/attractor
-- Installing: /state/cache/scratch/gap004/work/../install/share/noisemaker-qt/noisemaker/shaders/effects/points/attractor/passthrough.frag
-- Installing: /state/cache/scratch/gap004/work/../install/share/noisemaker-qt/noisemaker/shaders/effects/points/attractor/agent.frag
-- Installing: /state/cache/scratch/gap004/work/../install/share/noisemaker-qt/noisemaker/shaders/effects/points/buddhabrot
-- Installing: /state/cache/scratch/gap004/work/../install/share/noisemaker-qt/noisemaker/shaders/effects/points/buddhabrot/passthrough.frag
-- Installing: /state/cache/scratch/gap004/work/../install/share/noisemaker-qt/noisemaker/shaders/effects/points/buddhabrot/agent.frag
-- Installing: /state/cache/scratch/gap004/work/../install/share/noisemaker-qt/noisemaker/shaders/effects/points/buddhabrot/zWrite.frag
-- Installing: /state/cache/scratch/gap004/work/../install/share/noisemaker-qt/noisemaker/shaders/effects/points/flow
-- Installing: /state/cache/scratch/gap004/work/../install/share/noisemaker-qt/noisemaker/shaders/effects/points/flow/passthrough.frag
-- Installing: /state/cache/scratch/gap004/work/../install/share/noisemaker-qt/noisemaker/shaders/effects/points/flow/agent.frag
-- Installing: /state/cache/scratch/gap004/work/../install/share/noisemaker-qt/noisemaker/shaders/effects/points/heightGrid
-- Installing: /state/cache/scratch/gap004/work/../install/share/noisemaker-qt/noisemaker/shaders/effects/points/heightGrid/passthrough.frag
-- Installing: /state/cache/scratch/gap004/work/../install/share/noisemaker-qt/noisemaker/shaders/effects/points/heightGrid/agent.frag
-- Installing: /state/cache/scratch/gap004/work/../install/share/noisemaker-qt/noisemaker/shaders/effects/points/physical
-- Installing: /state/cache/scratch/gap004/work/../install/share/noisemaker-qt/noisemaker/shaders/effects/points/physical/passthrough.frag
-- Installing: /state/cache/scratch/gap004/work/../install/share/noisemaker-qt/noisemaker/shaders/effects/points/physical/agent.frag
-- Installing: /state/cache/scratch/gap004/work/../install/share/noisemaker-qt/noisemaker/shaders/effects/points/lenia
-- Installing: /state/cache/scratch/gap004/work/../install/share/noisemaker-qt/noisemaker/shaders/effects/points/lenia/passthrough.frag
-- Installing: /state/cache/scratch/gap004/work/../install/share/noisemaker-qt/noisemaker/shaders/effects/points/lenia/clear.frag
-- Installing: /state/cache/scratch/gap004/work/../install/share/noisemaker-qt/noisemaker/shaders/effects/points/lenia/deposit.vert
-- Installing: /state/cache/scratch/gap004/work/../install/share/noisemaker-qt/noisemaker/shaders/effects/points/lenia/deposit.frag
-- Installing: /state/cache/scratch/gap004/work/../install/share/noisemaker-qt/noisemaker/shaders/effects/points/lenia/convolve.frag
-- Installing: /state/cache/scratch/gap004/work/../install/share/noisemaker-qt/noisemaker/shaders/effects/points/lenia/agentField.frag
-- Installing: /state/cache/scratch/gap004/work/../install/share/noisemaker-qt/noisemaker/shaders/effects/classicNoisedeck
-- Installing: /state/cache/scratch/gap004/work/../install/share/noisemaker-qt/noisemaker/shaders/effects/classicNoisedeck/coalesce
-- Installing: /state/cache/scratch/gap004/work/../install/share/noisemaker-qt/noisemaker/shaders/effects/classicNoisedeck/coalesce/coalesce.frag
-- Installing: /state/cache/scratch/gap004/work/../install/share/noisemaker-qt/noisemaker/shaders/effects/classicNoisedeck/shapes3d
-- Installing: /state/cache/scratch/gap004/work/../install/share/noisemaker-qt/noisemaker/shaders/effects/classicNoisedeck/shapes3d/shapes3d.frag
-- Installing: /state/cache/scratch/gap004/work/../install/share/noisemaker-qt/noisemaker/shaders/effects/classicNoisedeck/caustic
-- Installing: /state/cache/scratch/gap004/work/../install/share/noisemaker-qt/noisemaker/shaders/effects/classicNoisedeck/caustic/caustic.frag
-- Installing: /state/cache/scratch/gap004/work/../install/share/noisemaker-qt/noisemaker/shaders/effects/classicNoisedeck/shapes
-- Installing: /state/cache/scratch/gap004/work/../install/share/noisemaker-qt/noisemaker/shaders/effects/classicNoisedeck/shapes/shapes.frag
-- Installing: /state/cache/scratch/gap004/work/../install/share/noisemaker-qt/noisemaker/shaders/effects/classicNoisedeck/moodscape
-- Installing: /state/cache/scratch/gap004/work/../install/share/noisemaker-qt/noisemaker/shaders/effects/classicNoisedeck/moodscape/moodscape.frag
-- Installing: /state/cache/scratch/gap004/work/../install/share/noisemaker-qt/noisemaker/shaders/effects/classicNoisedeck/shapeMixer
-- Installing: /state/cache/scratch/gap004/work/../install/share/noisemaker-qt/noisemaker/shaders/effects/classicNoisedeck/shapeMixer/shapeMixer.frag
-- Installing: /state/cache/scratch/gap004/work/../install/share/noisemaker-qt/noisemaker/shaders/effects/classicNoisedeck/splat
-- Installing: /state/cache/scratch/gap004/work/../install/share/noisemaker-qt/noisemaker/shaders/effects/classicNoisedeck/splat/splat.frag
-- Installing: /state/cache/scratch/gap004/work/../install/share/noisemaker-qt/noisemaker/shaders/effects/classicNoisedeck/bitEffects
-- Installing: /state/cache/scratch/gap004/work/../install/share/noisemaker-qt/noisemaker/shaders/effects/classicNoisedeck/bitEffects/bitEffects.frag
-- Installing: /state/cache/scratch/gap004/work/../install/share/noisemaker-qt/noisemaker/shaders/effects/classicNoisedeck/cellRefract
-- Installing: /state/cache/scratch/gap004/work/../install/share/noisemaker-qt/noisemaker/shaders/effects/classicNoisedeck/cellRefract/cellRefract.frag
-- Installing: /state/cache/scratch/gap004/work/../install/share/noisemaker-qt/noisemaker/shaders/effects/classicNoisedeck/kaleido
-- Installing: /state/cache/scratch/gap004/work/../install/share/noisemaker-qt/noisemaker/shaders/effects/classicNoisedeck/kaleido/kaleido.frag
-- Installing: /state/cache/scratch/gap004/work/../install/share/noisemaker-qt/noisemaker/shaders/effects/classicNoisedeck/effects
-- Installing: /state/cache/scratch/gap004/work/../install/share/noisemaker-qt/noisemaker/shaders/effects/classicNoisedeck/effects/effects.frag
-- Installing: /state/cache/scratch/gap004/work/../install/share/noisemaker-qt/noisemaker/shaders/effects/classicNoisedeck/noise3d
-- Installing: /state/cache/scratch/gap004/work/../install/share/noisemaker-qt/noisemaker/shaders/effects/classicNoisedeck/noise3d/noise3d.frag
-- Installing: /state/cache/scratch/gap004/work/../install/share/noisemaker-qt/noisemaker/shaders/effects/classicNoisedeck/composite
-- Installing: /state/cache/scratch/gap004/work/../install/share/noisemaker-qt/noisemaker/shaders/effects/classicNoisedeck/composite/composite.frag
-- Installing: /state/cache/scratch/gap004/work/../install/share/noisemaker-qt/noisemaker/shaders/effects/classicNoisedeck/cellNoise
-- Installing: /state/cache/scratch/gap004/work/../install/share/noisemaker-qt/noisemaker/shaders/effects/classicNoisedeck/cellNoise/cellNoise.frag
-- Installing: /state/cache/scratch/gap004/work/../install/share/noisemaker-qt/noisemaker/shaders/effects/classicNoisedeck/lensDistortion
-- Installing: /state/cache/scratch/gap004/work/../install/share/noisemaker-qt/noisemaker/shaders/effects/classicNoisedeck/lensDistortion/lensDistortion.frag
-- Installing: /state/cache/scratch/gap004/work/../install/share/noisemaker-qt/noisemaker/shaders/effects/classicNoisedeck/refract
-- Installing: /state/cache/scratch/gap004/work/../install/share/noisemaker-qt/noisemaker/shaders/effects/classicNoisedeck/refract/refract.frag
-- Installing: /state/cache/scratch/gap004/work/../install/share/noisemaker-qt/noisemaker/shaders/effects/classicNoisedeck/fractal
-- Installing: /state/cache/scratch/gap004/work/../install/share/noisemaker-qt/noisemaker/shaders/effects/classicNoisedeck/fractal/fractal.frag
-- Installing: /state/cache/scratch/gap004/work/../install/share/noisemaker-qt/noisemaker/shaders/effects/classicNoisedeck/colorLab
-- Installing: /state/cache/scratch/gap004/work/../install/share/noisemaker-qt/noisemaker/shaders/effects/classicNoisedeck/colorLab/colorLab.frag
-- Installing: /state/cache/scratch/gap004/work/../install/share/noisemaker-qt/noisemaker/shaders/effects/classicNoisedeck/noise
-- Installing: /state/cache/scratch/gap004/work/../install/share/noisemaker-qt/noisemaker/shaders/effects/classicNoisedeck/noise/noise.frag
-- Installing: /state/cache/scratch/gap004/work/../install/share/noisemaker-qt/noisemaker/shaders/effects/classicNoisedeck/glitch
-- Installing: /state/cache/scratch/gap004/work/../install/share/noisemaker-qt/noisemaker/shaders/effects/classicNoisedeck/glitch/glitch.frag
-- Installing: /state/cache/scratch/gap004/work/../install/share/noisemaker-qt/noisemaker/shaders/effects/synth3d
-- Installing: /state/cache/scratch/gap004/work/../install/share/noisemaker-qt/noisemaker/shaders/effects/synth3d/cellularAutomata3d
-- Installing: /state/cache/scratch/gap004/work/../install/share/noisemaker-qt/noisemaker/shaders/effects/synth3d/cellularAutomata3d/simulate.frag
-- Installing: /state/cache/scratch/gap004/work/../install/share/noisemaker-qt/noisemaker/shaders/effects/synth3d/fractal3d
-- Installing: /state/cache/scratch/gap004/work/../install/share/noisemaker-qt/noisemaker/shaders/effects/synth3d/fractal3d/precompute.frag
-- Installing: /state/cache/scratch/gap004/work/../install/share/noisemaker-qt/noisemaker/shaders/effects/synth3d/noise3d
-- Installing: /state/cache/scratch/gap004/work/../install/share/noisemaker-qt/noisemaker/shaders/effects/synth3d/noise3d/precompute.frag
-- Installing: /state/cache/scratch/gap004/work/../install/share/noisemaker-qt/noisemaker/shaders/effects/synth3d/flythrough3d
-- Installing: /state/cache/scratch/gap004/work/../install/share/noisemaker-qt/noisemaker/shaders/effects/synth3d/flythrough3d/precompute.frag
-- Installing: /state/cache/scratch/gap004/work/../install/share/noisemaker-qt/noisemaker/shaders/effects/synth3d/cell3d
-- Installing: /state/cache/scratch/gap004/work/../install/share/noisemaker-qt/noisemaker/shaders/effects/synth3d/cell3d/precompute.frag
-- Installing: /state/cache/scratch/gap004/work/../install/share/noisemaker-qt/noisemaker/shaders/effects/synth3d/shape3d
-- Installing: /state/cache/scratch/gap004/work/../install/share/noisemaker-qt/noisemaker/shaders/effects/synth3d/shape3d/precompute.frag
-- Installing: /state/cache/scratch/gap004/work/../install/share/noisemaker-qt/noisemaker/shaders/effects/synth3d/reactionDiffusion3d
-- Installing: /state/cache/scratch/gap004/work/../install/share/noisemaker-qt/noisemaker/shaders/effects/synth3d/reactionDiffusion3d/simulate.frag
-- Installing: /state/cache/scratch/gap004/work/../install/share/noisemaker-qt/noisemaker/shaders/effects/synth3d/heightmap3d
-- Installing: /state/cache/scratch/gap004/work/../install/share/noisemaker-qt/noisemaker/shaders/effects/synth3d/heightmap3d/precompute.frag
-- Installing: /state/cache/scratch/gap004/work/../install/share/noisemaker-qt/noisemaker/effects
-- Installing: /state/cache/scratch/gap004/work/../install/share/noisemaker-qt/noisemaker/effects/render
-- Installing: /state/cache/scratch/gap004/work/../install/share/noisemaker-qt/noisemaker/effects/render/meshLoader.json
-- Installing: /state/cache/scratch/gap004/work/../install/share/noisemaker-qt/noisemaker/effects/render/renderLit3d.json
-- Installing: /state/cache/scratch/gap004/work/../install/share/noisemaker-qt/noisemaker/effects/render/render3d.json
-- Installing: /state/cache/scratch/gap004/work/../install/share/noisemaker-qt/noisemaker/effects/render/loopEnd.json
-- Installing: /state/cache/scratch/gap004/work/../install/share/noisemaker-qt/noisemaker/effects/render/loopBegin.json
-- Installing: /state/cache/scratch/gap004/work/../install/share/noisemaker-qt/noisemaker/effects/render/renderLandscape3d.json
-- Installing: /state/cache/scratch/gap004/work/../install/share/noisemaker-qt/noisemaker/effects/render/renderCubemapSurface.json
-- Installing: /state/cache/scratch/gap004/work/../install/share/noisemaker-qt/noisemaker/effects/render/renderCubemap3d.json
-- Installing: /state/cache/scratch/gap004/work/../install/share/noisemaker-qt/noisemaker/effects/render/pointsBillboardRender.json
-- Installing: /state/cache/scratch/gap004/work/../install/share/noisemaker-qt/noisemaker/effects/render/meshRender.json
-- Installing: /state/cache/scratch/gap004/work/../install/share/noisemaker-qt/noisemaker/effects/render/pointsRender.json
-- Installing: /state/cache/scratch/gap004/work/../install/share/noisemaker-qt/noisemaker/effects/render/pointsEmit.json
-- Installing: /state/cache/scratch/gap004/work/../install/share/noisemaker-qt/noisemaker/effects/mixer
-- Installing: /state/cache/scratch/gap004/work/../install/share/noisemaker-qt/noisemaker/effects/mixer/thresholdMix.json
-- Installing: /state/cache/scratch/gap004/work/../install/share/noisemaker-qt/noisemaker/effects/mixer/channelCombine.json
-- Installing: /state/cache/scratch/gap004/work/../install/share/noisemaker-qt/noisemaker/effects/mixer/mashup.json
-- Installing: /state/cache/scratch/gap004/work/../install/share/noisemaker-qt/noisemaker/effects/mixer/shapeMask.json
-- Installing: /state/cache/scratch/gap004/work/../install/share/noisemaker-qt/noisemaker/effects/mixer/split.json
-- Installing: /state/cache/scratch/gap004/work/../install/share/noisemaker-qt/noisemaker/effects/mixer/patternMix.json
-- Installing: /state/cache/scratch/gap004/work/../install/share/noisemaker-qt/noisemaker/effects/mixer/blendMode.json
-- Installing: /state/cache/scratch/gap004/work/../install/share/noisemaker-qt/noisemaker/effects/mixer/shadow.json
-- Installing: /state/cache/scratch/gap004/work/../install/share/noisemaker-qt/noisemaker/effects/mixer/uvRemap.json
-- Installing: /state/cache/scratch/gap004/work/../install/share/noisemaker-qt/noisemaker/effects/mixer/distortion.json
-- Installing: /state/cache/scratch/gap004/work/../install/share/noisemaker-qt/noisemaker/effects/mixer/focusBlur.json
-- Installing: /state/cache/scratch/gap004/work/../install/share/noisemaker-qt/noisemaker/effects/mixer/cellSplit.json
-- Installing: /state/cache/scratch/gap004/work/../install/share/noisemaker-qt/noisemaker/effects/mixer/alphaMask.json
-- Installing: /state/cache/scratch/gap004/work/../install/share/noisemaker-qt/noisemaker/effects/mixer/centerMask.json
-- Installing: /state/cache/scratch/gap004/work/../install/share/noisemaker-qt/noisemaker/effects/mixer/applyMode.json
-- Installing: /state/cache/scratch/gap004/work/../install/share/noisemaker-qt/noisemaker/effects/synth
-- Installing: /state/cache/scratch/gap004/work/../install/share/noisemaker-qt/noisemaker/effects/synth/subdivide.json
-- Installing: /state/cache/scratch/gap004/work/../install/share/noisemaker-qt/noisemaker/effects/synth/mandala.json
-- Installing: /state/cache/scratch/gap004/work/../install/share/noisemaker-qt/noisemaker/effects/synth/solid.json
-- Installing: /state/cache/scratch/gap004/work/../install/share/noisemaker-qt/noisemaker/effects/synth/spectrum.json
-- Installing: /state/cache/scratch/gap004/work/../install/share/noisemaker-qt/noisemaker/effects/synth/sacredGeometry.json
-- Installing: /state/cache/scratch/gap004/work/../install/share/noisemaker-qt/noisemaker/effects/synth/perlin.json
-- Installing: /state/cache/scratch/gap004/work/../install/share/noisemaker-qt/noisemaker/effects/synth/gabor.json
-- Installing: /state/cache/scratch/gap004/work/../install/share/noisemaker-qt/noisemaker/effects/synth/roll.json
-- Installing: /state/cache/scratch/gap004/work/../install/share/noisemaker-qt/noisemaker/effects/synth/gradient.json
-- Installing: /state/cache/scratch/gap004/work/../install/share/noisemaker-qt/noisemaker/effects/synth/mnca.json
-- Installing: /state/cache/scratch/gap004/work/../install/share/noisemaker-qt/noisemaker/effects/synth/cellularAutomata.json
-- Installing: /state/cache/scratch/gap004/work/../install/share/noisemaker-qt/noisemaker/effects/synth/osc2d.json
-- Installing: /state/cache/scratch/gap004/work/../install/share/noisemaker-qt/noisemaker/effects/synth/pattern.json
-- Installing: /state/cache/scratch/gap004/work/../install/share/noisemaker-qt/noisemaker/effects/synth/julia.json
-- Installing: /state/cache/scratch/gap004/work/../install/share/noisemaker-qt/noisemaker/effects/synth/media.json
-- Installing: /state/cache/scratch/gap004/work/../install/share/noisemaker-qt/noisemaker/effects/synth/cell.json
-- Installing: /state/cache/scratch/gap004/work/../install/share/noisemaker-qt/noisemaker/effects/synth/bitwise.json
-- Installing: /state/cache/scratch/gap004/work/../install/share/noisemaker-qt/noisemaker/effects/synth/shape.json
-- Installing: /state/cache/scratch/gap004/work/../install/share/noisemaker-qt/noisemaker/effects/synth/testPattern.json
-- Installing: /state/cache/scratch/gap004/work/../install/share/noisemaker-qt/noisemaker/effects/synth/reactionDiffusion.json
-- Installing: /state/cache/scratch/gap004/work/../install/share/noisemaker-qt/noisemaker/effects/synth/navierStokes.json
-- Installing: /state/cache/scratch/gap004/work/../install/share/noisemaker-qt/noisemaker/effects/synth/curl.json
-- Installing: /state/cache/scratch/gap004/work/../install/share/noisemaker-qt/noisemaker/effects/synth/modPattern.json
-- Installing: /state/cache/scratch/gap004/work/../install/share/noisemaker-qt/noisemaker/effects/synth/noise.json
-- Installing: /state/cache/scratch/gap004/work/../install/share/noisemaker-qt/noisemaker/effects/synth/remap.json
-- Installing: /state/cache/scratch/gap004/work/../install/share/noisemaker-qt/noisemaker/effects/synth/polygon.json
-- Installing: /state/cache/scratch/gap004/work/../install/share/noisemaker-qt/noisemaker/effects/synth/scope.json
-- Installing: /state/cache/scratch/gap004/work/../install/share/noisemaker-qt/noisemaker/effects/synth/newton.json
-- Installing: /state/cache/scratch/gap004/work/../install/share/noisemaker-qt/noisemaker/effects/synth/mandelbrot.json
-- Installing: /state/cache/scratch/gap004/work/../install/share/noisemaker-qt/noisemaker/effects/filter3d
-- Installing: /state/cache/scratch/gap004/work/../install/share/noisemaker-qt/noisemaker/effects/filter3d/palette3d.json
-- Installing: /state/cache/scratch/gap004/work/../install/share/noisemaker-qt/noisemaker/effects/filter3d/flow3d.json
-- Installing: /state/cache/scratch/gap004/work/../install/share/noisemaker-qt/noisemaker/effects/filter
-- Installing: /state/cache/scratch/gap004/work/../install/share/noisemaker-qt/noisemaker/effects/filter/crt.json
-- Installing: /state/cache/scratch/gap004/work/../install/share/noisemaker-qt/noisemaker/effects/filter/glyphMap.json
-- Installing: /state/cache/scratch/gap004/work/../install/share/noisemaker-qt/noisemaker/effects/filter/emboss.json
-- Installing: /state/cache/scratch/gap004/work/../install/share/noisemaker-qt/noisemaker/effects/filter/degauss.json
-- Installing: /state/cache/scratch/gap004/work/../install/share/noisemaker-qt/noisemaker/effects/filter/lowPoly.json
-- Installing: /state/cache/scratch/gap004/work/../install/share/noisemaker-qt/noisemaker/effects/filter/dither.json
-- Installing: /state/cache/scratch/gap004/work/../install/share/noisemaker-qt/noisemaker/effects/filter/patchwork.json
-- Installing: /state/cache/scratch/gap004/work/../install/share/noisemaker-qt/noisemaker/effects/filter/tetraCosine.json
-- Installing: /state/cache/scratch/gap004/work/../install/share/noisemaker-qt/noisemaker/effects/filter/blur.json
-- Installing: /state/cache/scratch/gap004/work/../install/share/noisemaker-qt/noisemaker/effects/filter/repeat.json
-- Installing: /state/cache/scratch/gap004/work/../install/share/noisemaker-qt/noisemaker/effects/filter/spatter.json
-- Installing: /state/cache/scratch/gap004/work/../install/share/noisemaker-qt/noisemaker/effects/filter/pixels.json
-- Installing: /state/cache/scratch/gap004/work/../install/share/noisemaker-qt/noisemaker/effects/filter/wobble.json
-- Installing: /state/cache/scratch/gap004/work/../install/share/noisemaker-qt/noisemaker/effects/filter/fibers.json
-- Installing: /state/cache/scratch/gap004/work/../install/share/noisemaker-qt/noisemaker/effects/filter/outline.json
-- Installing: /state/cache/scratch/gap004/work/../install/share/noisemaker-qt/noisemaker/effects/filter/waves.json
-- Installing: /state/cache/scratch/gap004/work/../install/share/noisemaker-qt/noisemaker/effects/filter/clouds.json
-- Installing: /state/cache/scratch/gap004/work/../install/share/noisemaker-qt/noisemaker/effects/filter/bulge.json
-- Installing: /state/cache/scratch/gap004/work/../install/share/noisemaker-qt/noisemaker/effects/filter/text.json
-- Installing: /state/cache/scratch/gap004/work/../install/share/noisemaker-qt/noisemaker/effects/filter/watercolor.json
-- Installing: /state/cache/scratch/gap004/work/../install/share/noisemaker-qt/noisemaker/effects/filter/sine.json
-- Installing: /state/cache/scratch/gap004/work/../install/share/noisemaker-qt/noisemaker/effects/filter/bloom.json
-- Installing: /state/cache/scratch/gap004/work/../install/share/noisemaker-qt/noisemaker/effects/filter/spiral.json
-- Installing: /state/cache/scratch/gap004/work/../install/share/noisemaker-qt/noisemaker/effects/filter/extrude.json
-- Installing: /state/cache/scratch/gap004/work/../install/share/noisemaker-qt/noisemaker/effects/filter/glowingEdge.json
-- Installing: /state/cache/scratch/gap004/work/../install/share/noisemaker-qt/noisemaker/effects/filter/lens.json
-- Installing: /state/cache/scratch/gap004/work/../install/share/noisemaker-qt/noisemaker/effects/filter/ridge.json
-- Installing: /state/cache/scratch/gap004/work/../install/share/noisemaker-qt/noisemaker/effects/filter/feedback.json
-- Installing: /state/cache/scratch/gap004/work/../install/share/noisemaker-qt/noisemaker/effects/filter/translate.json
-- Installing: /state/cache/scratch/gap004/work/../install/share/noisemaker-qt/noisemaker/effects/filter/celShading.json
-- Installing: /state/cache/scratch/gap004/work/../install/share/noisemaker-qt/noisemaker/effects/filter/reindex.json
-- Installing: /state/cache/scratch/gap004/work/../install/share/noisemaker-qt/noisemaker/effects/filter/strokes.json
-- Installing: /state/cache/scratch/gap004/work/../install/share/noisemaker-qt/noisemaker/effects/filter/colorReplace.json
-- Installing: /state/cache/scratch/gap004/work/../install/share/noisemaker-qt/noisemaker/effects/filter/chromaticAberration.json
-- Installing: /state/cache/scratch/gap004/work/../install/share/noisemaker-qt/noisemaker/effects/filter/edge.json
-- Installing: /state/cache/scratch/gap004/work/../install/share/noisemaker-qt/noisemaker/effects/filter/octaveWarp.json
-- Installing: /state/cache/scratch/gap004/work/../install/share/noisemaker-qt/noisemaker/effects/filter/strayHair.json
-- Installing: /state/cache/scratch/gap004/work/../install/share/noisemaker-qt/noisemaker/effects/filter/normalize.json
-- Installing: /state/cache/scratch/gap004/work/../install/share/noisemaker-qt/noisemaker/effects/filter/wormhole.json
-- Installing: /state/cache/scratch/gap004/work/../install/share/noisemaker-qt/noisemaker/effects/filter/halftone.json
-- Installing: /state/cache/scratch/gap004/work/../install/share/noisemaker-qt/noisemaker/effects/filter/lighting.json
-- Installing: /state/cache/scratch/gap004/work/../install/share/noisemaker-qt/noisemaker/effects/filter/flipMirror.json
-- Installing: /state/cache/scratch/gap004/work/../install/share/noisemaker-qt/noisemaker/effects/filter/deriv.json
-- Installing: /state/cache/scratch/gap004/work/../install/share/noisemaker-qt/noisemaker/effects/filter/hatch.json
-- Installing: /state/cache/scratch/gap004/work/../install/share/noisemaker-qt/noisemaker/effects/filter/channel.json
-- Installing: /state/cache/scratch/gap004/work/../install/share/noisemaker-qt/noisemaker/effects/filter/reverb.json
-- Installing: /state/cache/scratch/gap004/work/../install/share/noisemaker-qt/noisemaker/effects/filter/convolutionFeedback.json
-- Installing: /state/cache/scratch/gap004/work/../install/share/noisemaker-qt/noisemaker/effects/filter/plasticWrap.json
-- Installing: /state/cache/scratch/gap004/work/../install/share/noisemaker-qt/noisemaker/effects/filter/tint.json
-- Installing: /state/cache/scratch/gap004/work/../install/share/noisemaker-qt/noisemaker/effects/filter/rotate.json
-- Installing: /state/cache/scratch/gap004/work/../install/share/noisemaker-qt/noisemaker/effects/filter/normalMap.json
-- Installing: /state/cache/scratch/gap004/work/../install/share/noisemaker-qt/noisemaker/effects/filter/tile.json
-- Installing: /state/cache/scratch/gap004/work/../install/share/noisemaker-qt/noisemaker/effects/filter/invert.json
-- Installing: /state/cache/scratch/gap004/work/../install/share/noisemaker-qt/noisemaker/effects/filter/zoomBlur.json
-- Installing: /state/cache/scratch/gap004/work/../install/share/noisemaker-qt/noisemaker/effects/filter/simpleAberration.json
-- Installing: /state/cache/scratch/gap004/work/../install/share/noisemaker-qt/noisemaker/effects/filter/seamless.json
-- Installing: /state/cache/scratch/gap004/work/../install/share/noisemaker-qt/noisemaker/effects/filter/prismaticAberration.json
-- Installing: /state/cache/scratch/gap004/work/../install/share/noisemaker-qt/noisemaker/effects/filter/highPass.json
-- Installing: /state/cache/scratch/gap004/work/../install/share/noisemaker-qt/noisemaker/effects/filter/oilPaint.json
-- Installing: /state/cache/scratch/gap004/work/../install/share/noisemaker-qt/noisemaker/effects/filter/spinBlur.json
-- Installing: /state/cache/scratch/gap004/work/../install/share/noisemaker-qt/noisemaker/effects/filter/tetraColorArray.json
-- Installing: /state/cache/scratch/gap004/work/../install/share/noisemaker-qt/noisemaker/effects/filter/osd.json
-- Installing: /state/cache/scratch/gap004/work/../install/share/noisemaker-qt/noisemaker/effects/filter/skew.json
-- Installing: /state/cache/scratch/gap004/work/../install/share/noisemaker-qt/noisemaker/effects/filter/temporalAberration.json
-- Installing: /state/cache/scratch/gap004/work/../install/share/noisemaker-qt/noisemaker/effects/filter/median.json
-- Installing: /state/cache/scratch/gap004/work/../install/share/noisemaker-qt/noisemaker/effects/filter/parallax.json
-- Installing: /state/cache/scratch/gap004/work/../install/share/noisemaker-qt/noisemaker/effects/filter/unsharpMask.json
-- Installing: /state/cache/scratch/gap004/work/../install/share/noisemaker-qt/noisemaker/effects/filter/chrome.json
-- Installing: /state/cache/scratch/gap004/work/../install/share/noisemaker-qt/noisemaker/effects/filter/step.json
-- Installing: /state/cache/scratch/gap004/work/../install/share/noisemaker-qt/noisemaker/effects/filter/smooth.json
-- Installing: /state/cache/scratch/gap004/work/../install/share/noisemaker-qt/noisemaker/effects/filter/snow.json
-- Installing: /state/cache/scratch/gap004/work/../install/share/noisemaker-qt/noisemaker/effects/filter/scale.json
-- Installing: /state/cache/scratch/gap004/work/../install/share/noisemaker-qt/noisemaker/effects/filter/grain.json
-- Installing: /state/cache/scratch/gap004/work/../install/share/noisemaker-qt/noisemaker/effects/filter/pixelSort.json
-- Installing: /state/cache/scratch/gap004/work/../install/share/noisemaker-qt/noisemaker/effects/filter/motionBlur.json
-- Installing: /state/cache/scratch/gap004/work/../install/share/noisemaker-qt/noisemaker/effects/filter/scratches.json
-- Installing: /state/cache/scratch/gap004/work/../install/share/noisemaker-qt/noisemaker/effects/filter/lightLeak.json
-- Installing: /state/cache/scratch/gap004/work/../install/share/noisemaker-qt/noisemaker/effects/filter/craquelure.json
-- Installing: /state/cache/scratch/gap004/work/../install/share/noisemaker-qt/noisemaker/effects/filter/chroma.json
-- Installing: /state/cache/scratch/gap004/work/../install/share/noisemaker-qt/noisemaker/effects/filter/historicPalette.json
-- Installing: /state/cache/scratch/gap004/work/../install/share/noisemaker-qt/noisemaker/effects/filter/palette.json
-- Installing: /state/cache/scratch/gap004/work/../install/share/noisemaker-qt/noisemaker/effects/filter/tunnel.json
-- Installing: /state/cache/scratch/gap004/work/../install/share/noisemaker-qt/noisemaker/effects/filter/pinch.json
-- Installing: /state/cache/scratch/gap004/work/../install/share/noisemaker-qt/noisemaker/effects/filter/directionalBlur.json
-- Installing: /state/cache/scratch/gap004/work/../install/share/noisemaker-qt/noisemaker/effects/filter/stamp.json
-- Installing: /state/cache/scratch/gap004/work/../install/share/noisemaker-qt/noisemaker/effects/filter/mosaicTiles.json
-- Installing: /state/cache/scratch/gap004/work/../install/share/noisemaker-qt/noisemaker/effects/filter/smoothstep.json
-- Installing: /state/cache/scratch/gap004/work/../install/share/noisemaker-qt/noisemaker/effects/filter/sobel.json
-- Installing: /state/cache/scratch/gap004/work/../install/share/noisemaker-qt/noisemaker/effects/filter/stipple.json
-- Installing: /state/cache/scratch/gap004/work/../install/share/noisemaker-qt/noisemaker/effects/filter/fxaa.json
-- Installing: /state/cache/scratch/gap004/work/../install/share/noisemaker-qt/noisemaker/effects/filter/grime.json
-- Installing: /state/cache/scratch/gap004/work/../install/share/noisemaker-qt/noisemaker/effects/filter/sharpen.json
-- Installing: /state/cache/scratch/gap004/work/../install/share/noisemaker-qt/noisemaker/effects/filter/pondRipples.json
-- Installing: /state/cache/scratch/gap004/work/../install/share/noisemaker-qt/noisemaker/effects/filter/posterize.json
-- Installing: /state/cache/scratch/gap004/work/../install/share/noisemaker-qt/noisemaker/effects/filter/threshold.json
-- Installing: /state/cache/scratch/gap004/work/../install/share/noisemaker-qt/noisemaker/effects/filter/wind.json
-- Installing: /state/cache/scratch/gap004/work/../install/share/noisemaker-qt/noisemaker/effects/filter/lensWarp.json
-- Installing: /state/cache/scratch/gap004/work/../install/share/noisemaker-qt/noisemaker/effects/filter/corrupt.json
-- Installing: /state/cache/scratch/gap004/work/../install/share/noisemaker-qt/noisemaker/effects/filter/photocopy.json
-- Installing: /state/cache/scratch/gap004/work/../install/share/noisemaker-qt/noisemaker/effects/filter/warp.json
-- Installing: /state/cache/scratch/gap004/work/../install/share/noisemaker-qt/noisemaker/effects/filter/texture.json
-- Installing: /state/cache/scratch/gap004/work/../install/share/noisemaker-qt/noisemaker/effects/filter/scroll.json
-- Installing: /state/cache/scratch/gap004/work/../install/share/noisemaker-qt/noisemaker/effects/filter/scanlineError.json
-- Installing: /state/cache/scratch/gap004/work/../install/share/noisemaker-qt/noisemaker/effects/filter/adjust.json
-- Installing: /state/cache/scratch/gap004/work/../install/share/noisemaker-qt/noisemaker/effects/filter/relief.json
-- Installing: /state/cache/scratch/gap004/work/../install/share/noisemaker-qt/noisemaker/effects/filter/vaseline.json
-- Installing: /state/cache/scratch/gap004/work/../install/share/noisemaker-qt/noisemaker/effects/filter/vignette.json
-- Installing: /state/cache/scratch/gap004/work/../install/share/noisemaker-qt/noisemaker/effects/filter/grade.json
-- Installing: /state/cache/scratch/gap004/work/../install/share/noisemaker-qt/noisemaker/effects/filter/lensFlare.json
-- Installing: /state/cache/scratch/gap004/work/../install/share/noisemaker-qt/noisemaker/effects/filter/morphology.json
-- Installing: /state/cache/scratch/gap004/work/../install/share/noisemaker-qt/noisemaker/effects/filter/spookyTicker.json
-- Installing: /state/cache/scratch/gap004/work/../install/share/noisemaker-qt/noisemaker/effects/filter/polar.json
-- Installing: /state/cache/scratch/gap004/work/../install/share/noisemaker-qt/noisemaker/effects/filter/scatter.json
-- Installing: /state/cache/scratch/gap004/work/../install/share/noisemaker-qt/noisemaker/effects/points
-- Installing: /state/cache/scratch/gap004/work/../install/share/noisemaker-qt/noisemaker/effects/points/buddhabrot.json
-- Installing: /state/cache/scratch/gap004/work/../install/share/noisemaker-qt/noisemaker/effects/points/life.json
-- Installing: /state/cache/scratch/gap004/work/../install/share/noisemaker-qt/noisemaker/effects/points/dla.json
-- Installing: /state/cache/scratch/gap004/work/../install/share/noisemaker-qt/noisemaker/effects/points/attractor.json
-- Installing: /state/cache/scratch/gap004/work/../install/share/noisemaker-qt/noisemaker/effects/points/flock.json
-- Installing: /state/cache/scratch/gap004/work/../install/share/noisemaker-qt/noisemaker/effects/points/flow.json
-- Installing: /state/cache/scratch/gap004/work/../install/share/noisemaker-qt/noisemaker/effects/points/physical.json
-- Installing: /state/cache/scratch/gap004/work/../install/share/noisemaker-qt/noisemaker/effects/points/physarum.json
-- Installing: /state/cache/scratch/gap004/work/../install/share/noisemaker-qt/noisemaker/effects/points/heightGrid.json
-- Installing: /state/cache/scratch/gap004/work/../install/share/noisemaker-qt/noisemaker/effects/points/hydraulic.json
-- Installing: /state/cache/scratch/gap004/work/../install/share/noisemaker-qt/noisemaker/effects/points/lenia.json
-- Installing: /state/cache/scratch/gap004/work/../install/share/noisemaker-qt/noisemaker/effects/classicNoisedeck
-- Installing: /state/cache/scratch/gap004/work/../install/share/noisemaker-qt/noisemaker/effects/classicNoisedeck/noise3d.json
-- Installing: /state/cache/scratch/gap004/work/../install/share/noisemaker-qt/noisemaker/effects/classicNoisedeck/lensDistortion.json
-- Installing: /state/cache/scratch/gap004/work/../install/share/noisemaker-qt/noisemaker/effects/classicNoisedeck/fractal.json
-- Installing: /state/cache/scratch/gap004/work/../install/share/noisemaker-qt/noisemaker/effects/classicNoisedeck/shapes.json
-- Installing: /state/cache/scratch/gap004/work/../install/share/noisemaker-qt/noisemaker/effects/classicNoisedeck/kaleido.json
-- Installing: /state/cache/scratch/gap004/work/../install/share/noisemaker-qt/noisemaker/effects/classicNoisedeck/colorLab.json
-- Installing: /state/cache/scratch/gap004/work/../install/share/noisemaker-qt/noisemaker/effects/classicNoisedeck/cellRefract.json
-- Installing: /state/cache/scratch/gap004/work/../install/share/noisemaker-qt/noisemaker/effects/classicNoisedeck/moodscape.json
-- Installing: /state/cache/scratch/gap004/work/../install/share/noisemaker-qt/noisemaker/effects/classicNoisedeck/shapeMixer.json
-- Installing: /state/cache/scratch/gap004/work/../install/share/noisemaker-qt/noisemaker/effects/classicNoisedeck/shapes3d.json
-- Installing: /state/cache/scratch/gap004/work/../install/share/noisemaker-qt/noisemaker/effects/classicNoisedeck/coalesce.json
-- Installing: /state/cache/scratch/gap004/work/../install/share/noisemaker-qt/noisemaker/effects/classicNoisedeck/noise.json
-- Installing: /state/cache/scratch/gap004/work/../install/share/noisemaker-qt/noisemaker/effects/classicNoisedeck/splat.json
-- Installing: /state/cache/scratch/gap004/work/../install/share/noisemaker-qt/noisemaker/effects/classicNoisedeck/refract.json
-- Installing: /state/cache/scratch/gap004/work/../install/share/noisemaker-qt/noisemaker/effects/classicNoisedeck/bitEffects.json
-- Installing: /state/cache/scratch/gap004/work/../install/share/noisemaker-qt/noisemaker/effects/classicNoisedeck/composite.json
-- Installing: /state/cache/scratch/gap004/work/../install/share/noisemaker-qt/noisemaker/effects/classicNoisedeck/caustic.json
-- Installing: /state/cache/scratch/gap004/work/../install/share/noisemaker-qt/noisemaker/effects/classicNoisedeck/cellNoise.json
-- Installing: /state/cache/scratch/gap004/work/../install/share/noisemaker-qt/noisemaker/effects/classicNoisedeck/glitch.json
-- Installing: /state/cache/scratch/gap004/work/../install/share/noisemaker-qt/noisemaker/effects/classicNoisedeck/effects.json
-- Installing: /state/cache/scratch/gap004/work/../install/share/noisemaker-qt/noisemaker/effects/synth3d
-- Installing: /state/cache/scratch/gap004/work/../install/share/noisemaker-qt/noisemaker/effects/synth3d/shape3d.json
-- Installing: /state/cache/scratch/gap004/work/../install/share/noisemaker-qt/noisemaker/effects/synth3d/noise3d.json
-- Installing: /state/cache/scratch/gap004/work/../install/share/noisemaker-qt/noisemaker/effects/synth3d/cell3d.json
-- Installing: /state/cache/scratch/gap004/work/../install/share/noisemaker-qt/noisemaker/effects/synth3d/cellularAutomata3d.json
-- Installing: /state/cache/scratch/gap004/work/../install/share/noisemaker-qt/noisemaker/effects/synth3d/flythrough3d.json
-- Installing: /state/cache/scratch/gap004/work/../install/share/noisemaker-qt/noisemaker/effects/synth3d/fractal3d.json
-- Installing: /state/cache/scratch/gap004/work/../install/share/noisemaker-qt/noisemaker/effects/synth3d/reactionDiffusion3d.json
-- Installing: /state/cache/scratch/gap004/work/../install/share/noisemaker-qt/noisemaker/effects/synth3d/heightmap3d.json
-- Installing: /state/cache/scratch/gap004/work/../install/share/noisemaker-qt/noisemaker/effects-ui
-- Installing: /state/cache/scratch/gap004/work/../install/share/noisemaker-qt/noisemaker/effects-ui/render
-- Installing: /state/cache/scratch/gap004/work/../install/share/noisemaker-qt/noisemaker/effects-ui/render/meshLoader.json
-- Installing: /state/cache/scratch/gap004/work/../install/share/noisemaker-qt/noisemaker/effects-ui/render/renderLit3d.json
-- Installing: /state/cache/scratch/gap004/work/../install/share/noisemaker-qt/noisemaker/effects-ui/render/render3d.json
-- Installing: /state/cache/scratch/gap004/work/../install/share/noisemaker-qt/noisemaker/effects-ui/render/loopEnd.json
-- Installing: /state/cache/scratch/gap004/work/../install/share/noisemaker-qt/noisemaker/effects-ui/render/loopBegin.json
-- Installing: /state/cache/scratch/gap004/work/../install/share/noisemaker-qt/noisemaker/effects-ui/render/renderLandscape3d.json
-- Installing: /state/cache/scratch/gap004/work/../install/share/noisemaker-qt/noisemaker/effects-ui/render/renderCubemapSurface.json
-- Installing: /state/cache/scratch/gap004/work/../install/share/noisemaker-qt/noisemaker/effects-ui/render/renderCubemap3d.json
-- Installing: /state/cache/scratch/gap004/work/../install/share/noisemaker-qt/noisemaker/effects-ui/render/pointsBillboardRender.json
-- Installing: /state/cache/scratch/gap004/work/../install/share/noisemaker-qt/noisemaker/effects-ui/render/meshRender.json
-- Installing: /state/cache/scratch/gap004/work/../install/share/noisemaker-qt/noisemaker/effects-ui/render/pointsRender.json
-- Installing: /state/cache/scratch/gap004/work/../install/share/noisemaker-qt/noisemaker/effects-ui/render/pointsEmit.json
-- Installing: /state/cache/scratch/gap004/work/../install/share/noisemaker-qt/noisemaker/effects-ui/strings.en.json
-- Installing: /state/cache/scratch/gap004/work/../install/share/noisemaker-qt/noisemaker/effects-ui/mixer
-- Installing: /state/cache/scratch/gap004/work/../install/share/noisemaker-qt/noisemaker/effects-ui/mixer/thresholdMix.json
-- Installing: /state/cache/scratch/gap004/work/../install/share/noisemaker-qt/noisemaker/effects-ui/mixer/channelCombine.json
-- Installing: /state/cache/scratch/gap004/work/../install/share/noisemaker-qt/noisemaker/effects-ui/mixer/mashup.json
-- Installing: /state/cache/scratch/gap004/work/../install/share/noisemaker-qt/noisemaker/effects-ui/mixer/shapeMask.json
-- Installing: /state/cache/scratch/gap004/work/../install/share/noisemaker-qt/noisemaker/effects-ui/mixer/split.json
-- Installing: /state/cache/scratch/gap004/work/../install/share/noisemaker-qt/noisemaker/effects-ui/mixer/patternMix.json
-- Installing: /state/cache/scratch/gap004/work/../install/share/noisemaker-qt/noisemaker/effects-ui/mixer/blendMode.json
-- Installing: /state/cache/scratch/gap004/work/../install/share/noisemaker-qt/noisemaker/effects-ui/mixer/shadow.json
-- Installing: /state/cache/scratch/gap004/work/../install/share/noisemaker-qt/noisemaker/effects-ui/mixer/uvRemap.json
-- Installing: /state/cache/scratch/gap004/work/../install/share/noisemaker-qt/noisemaker/effects-ui/mixer/distortion.json
-- Installing: /state/cache/scratch/gap004/work/../install/share/noisemaker-qt/noisemaker/effects-ui/mixer/focusBlur.json
-- Installing: /state/cache/scratch/gap004/work/../install/share/noisemaker-qt/noisemaker/effects-ui/mixer/cellSplit.json
-- Installing: /state/cache/scratch/gap004/work/../install/share/noisemaker-qt/noisemaker/effects-ui/mixer/alphaMask.json
-- Installing: /state/cache/scratch/gap004/work/../install/share/noisemaker-qt/noisemaker/effects-ui/mixer/centerMask.json
-- Installing: /state/cache/scratch/gap004/work/../install/share/noisemaker-qt/noisemaker/effects-ui/mixer/applyMode.json
-- Installing: /state/cache/scratch/gap004/work/../install/share/noisemaker-qt/noisemaker/effects-ui/synth
-- Installing: /state/cache/scratch/gap004/work/../install/share/noisemaker-qt/noisemaker/effects-ui/synth/subdivide.json
-- Installing: /state/cache/scratch/gap004/work/../install/share/noisemaker-qt/noisemaker/effects-ui/synth/mandala.json
-- Installing: /state/cache/scratch/gap004/work/../install/share/noisemaker-qt/noisemaker/effects-ui/synth/solid.json
-- Installing: /state/cache/scratch/gap004/work/../install/share/noisemaker-qt/noisemaker/effects-ui/synth/spectrum.json
-- Installing: /state/cache/scratch/gap004/work/../install/share/noisemaker-qt/noisemaker/effects-ui/synth/sacredGeometry.json
-- Installing: /state/cache/scratch/gap004/work/../install/share/noisemaker-qt/noisemaker/effects-ui/synth/perlin.json
-- Installing: /state/cache/scratch/gap004/work/../install/share/noisemaker-qt/noisemaker/effects-ui/synth/gabor.json
-- Installing: /state/cache/scratch/gap004/work/../install/share/noisemaker-qt/noisemaker/effects-ui/synth/roll.json
-- Installing: /state/cache/scratch/gap004/work/../install/share/noisemaker-qt/noisemaker/effects-ui/synth/gradient.json
-- Installing: /state/cache/scratch/gap004/work/../install/share/noisemaker-qt/noisemaker/effects-ui/synth/mnca.json
-- Installing: /state/cache/scratch/gap004/work/../install/share/noisemaker-qt/noisemaker/effects-ui/synth/cellularAutomata.json
-- Installing: /state/cache/scratch/gap004/work/../install/share/noisemaker-qt/noisemaker/effects-ui/synth/osc2d.json
-- Installing: /state/cache/scratch/gap004/work/../install/share/noisemaker-qt/noisemaker/effects-ui/synth/pattern.json
-- Installing: /state/cache/scratch/gap004/work/../install/share/noisemaker-qt/noisemaker/effects-ui/synth/julia.json
-- Installing: /state/cache/scratch/gap004/work/../install/share/noisemaker-qt/noisemaker/effects-ui/synth/media.json
-- Installing: /state/cache/scratch/gap004/work/../install/share/noisemaker-qt/noisemaker/effects-ui/synth/cell.json
-- Installing: /state/cache/scratch/gap004/work/../install/share/noisemaker-qt/noisemaker/effects-ui/synth/bitwise.json
-- Installing: /state/cache/scratch/gap004/work/../install/share/noisemaker-qt/noisemaker/effects-ui/synth/shape.json
-- Installing: /state/cache/scratch/gap004/work/../install/share/noisemaker-qt/noisemaker/effects-ui/synth/testPattern.json
-- Installing: /state/cache/scratch/gap004/work/../install/share/noisemaker-qt/noisemaker/effects-ui/synth/reactionDiffusion.json
-- Installing: /state/cache/scratch/gap004/work/../install/share/noisemaker-qt/noisemaker/effects-ui/synth/navierStokes.json
-- Installing: /state/cache/scratch/gap004/work/../install/share/noisemaker-qt/noisemaker/effects-ui/synth/curl.json
-- Installing: /state/cache/scratch/gap004/work/../install/share/noisemaker-qt/noisemaker/effects-ui/synth/modPattern.json
-- Installing: /state/cache/scratch/gap004/work/../install/share/noisemaker-qt/noisemaker/effects-ui/synth/noise.json
-- Installing: /state/cache/scratch/gap004/work/../install/share/noisemaker-qt/noisemaker/effects-ui/synth/remap.json
-- Installing: /state/cache/scratch/gap004/work/../install/share/noisemaker-qt/noisemaker/effects-ui/synth/polygon.json
-- Installing: /state/cache/scratch/gap004/work/../install/share/noisemaker-qt/noisemaker/effects-ui/synth/scope.json
-- Installing: /state/cache/scratch/gap004/work/../install/share/noisemaker-qt/noisemaker/effects-ui/synth/newton.json
-- Installing: /state/cache/scratch/gap004/work/../install/share/noisemaker-qt/noisemaker/effects-ui/synth/mandelbrot.json
-- Installing: /state/cache/scratch/gap004/work/../install/share/noisemaker-qt/noisemaker/effects-ui/filter3d
-- Installing: /state/cache/scratch/gap004/work/../install/share/noisemaker-qt/noisemaker/effects-ui/filter3d/palette3d.json
-- Installing: /state/cache/scratch/gap004/work/../install/share/noisemaker-qt/noisemaker/effects-ui/filter3d/flow3d.json
-- Installing: /state/cache/scratch/gap004/work/../install/share/noisemaker-qt/noisemaker/effects-ui/filter
-- Installing: /state/cache/scratch/gap004/work/../install/share/noisemaker-qt/noisemaker/effects-ui/filter/crt.json
-- Installing: /state/cache/scratch/gap004/work/../install/share/noisemaker-qt/noisemaker/effects-ui/filter/glyphMap.json
-- Installing: /state/cache/scratch/gap004/work/../install/share/noisemaker-qt/noisemaker/effects-ui/filter/emboss.json
-- Installing: /state/cache/scratch/gap004/work/../install/share/noisemaker-qt/noisemaker/effects-ui/filter/degauss.json
-- Installing: /state/cache/scratch/gap004/work/../install/share/noisemaker-qt/noisemaker/effects-ui/filter/lowPoly.json
-- Installing: /state/cache/scratch/gap004/work/../install/share/noisemaker-qt/noisemaker/effects-ui/filter/dither.json
-- Installing: /state/cache/scratch/gap004/work/../install/share/noisemaker-qt/noisemaker/effects-ui/filter/patchwork.json
-- Installing: /state/cache/scratch/gap004/work/../install/share/noisemaker-qt/noisemaker/effects-ui/filter/tetraCosine.json
-- Installing: /state/cache/scratch/gap004/work/../install/share/noisemaker-qt/noisemaker/effects-ui/filter/blur.json
-- Installing: /state/cache/scratch/gap004/work/../install/share/noisemaker-qt/noisemaker/effects-ui/filter/repeat.json
-- Installing: /state/cache/scratch/gap004/work/../install/share/noisemaker-qt/noisemaker/effects-ui/filter/spatter.json
-- Installing: /state/cache/scratch/gap004/work/../install/share/noisemaker-qt/noisemaker/effects-ui/filter/pixels.json
-- Installing: /state/cache/scratch/gap004/work/../install/share/noisemaker-qt/noisemaker/effects-ui/filter/wobble.json
-- Installing: /state/cache/scratch/gap004/work/../install/share/noisemaker-qt/noisemaker/effects-ui/filter/fibers.json
-- Installing: /state/cache/scratch/gap004/work/../install/share/noisemaker-qt/noisemaker/effects-ui/filter/outline.json
-- Installing: /state/cache/scratch/gap004/work/../install/share/noisemaker-qt/noisemaker/effects-ui/filter/waves.json
-- Installing: /state/cache/scratch/gap004/work/../install/share/noisemaker-qt/noisemaker/effects-ui/filter/clouds.json
-- Installing: /state/cache/scratch/gap004/work/../install/share/noisemaker-qt/noisemaker/effects-ui/filter/bulge.json
-- Installing: /state/cache/scratch/gap004/work/../install/share/noisemaker-qt/noisemaker/effects-ui/filter/text.json
-- Installing: /state/cache/scratch/gap004/work/../install/share/noisemaker-qt/noisemaker/effects-ui/filter/watercolor.json
-- Installing: /state/cache/scratch/gap004/work/../install/share/noisemaker-qt/noisemaker/effects-ui/filter/sine.json
-- Installing: /state/cache/scratch/gap004/work/../install/share/noisemaker-qt/noisemaker/effects-ui/filter/bloom.json
-- Installing: /state/cache/scratch/gap004/work/../install/share/noisemaker-qt/noisemaker/effects-ui/filter/spiral.json
-- Installing: /state/cache/scratch/gap004/work/../install/share/noisemaker-qt/noisemaker/effects-ui/filter/extrude.json
-- Installing: /state/cache/scratch/gap004/work/../install/share/noisemaker-qt/noisemaker/effects-ui/filter/glowingEdge.json
-- Installing: /state/cache/scratch/gap004/work/../install/share/noisemaker-qt/noisemaker/effects-ui/filter/lens.json
-- Installing: /state/cache/scratch/gap004/work/../install/share/noisemaker-qt/noisemaker/effects-ui/filter/ridge.json
-- Installing: /state/cache/scratch/gap004/work/../install/share/noisemaker-qt/noisemaker/effects-ui/filter/feedback.json
-- Installing: /state/cache/scratch/gap004/work/../install/share/noisemaker-qt/noisemaker/effects-ui/filter/translate.json
-- Installing: /state/cache/scratch/gap004/work/../install/share/noisemaker-qt/noisemaker/effects-ui/filter/celShading.json
-- Installing: /state/cache/scratch/gap004/work/../install/share/noisemaker-qt/noisemaker/effects-ui/filter/reindex.json
-- Installing: /state/cache/scratch/gap004/work/../install/share/noisemaker-qt/noisemaker/effects-ui/filter/strokes.json
-- Installing: /state/cache/scratch/gap004/work/../install/share/noisemaker-qt/noisemaker/effects-ui/filter/colorReplace.json
-- Installing: /state/cache/scratch/gap004/work/../install/share/noisemaker-qt/noisemaker/effects-ui/filter/chromaticAberration.json
-- Installing: /state/cache/scratch/gap004/work/../install/share/noisemaker-qt/noisemaker/effects-ui/filter/edge.json
-- Installing: /state/cache/scratch/gap004/work/../install/share/noisemaker-qt/noisemaker/effects-ui/filter/octaveWarp.json
-- Installing: /state/cache/scratch/gap004/work/../install/share/noisemaker-qt/noisemaker/effects-ui/filter/strayHair.json
-- Installing: /state/cache/scratch/gap004/work/../install/share/noisemaker-qt/noisemaker/effects-ui/filter/normalize.json
-- Installing: /state/cache/scratch/gap004/work/../install/share/noisemaker-qt/noisemaker/effects-ui/filter/wormhole.json
-- Installing: /state/cache/scratch/gap004/work/../install/share/noisemaker-qt/noisemaker/effects-ui/filter/halftone.json
-- Installing: /state/cache/scratch/gap004/work/../install/share/noisemaker-qt/noisemaker/effects-ui/filter/lighting.json
-- Installing: /state/cache/scratch/gap004/work/../install/share/noisemaker-qt/noisemaker/effects-ui/filter/flipMirror.json
-- Installing: /state/cache/scratch/gap004/work/../install/share/noisemaker-qt/noisemaker/effects-ui/filter/deriv.json
-- Installing: /state/cache/scratch/gap004/work/../install/share/noisemaker-qt/noisemaker/effects-ui/filter/hatch.json
-- Installing: /state/cache/scratch/gap004/work/../install/share/noisemaker-qt/noisemaker/effects-ui/filter/channel.json
-- Installing: /state/cache/scratch/gap004/work/../install/share/noisemaker-qt/noisemaker/effects-ui/filter/reverb.json
-- Installing: /state/cache/scratch/gap004/work/../install/share/noisemaker-qt/noisemaker/effects-ui/filter/convolutionFeedback.json
-- Installing: /state/cache/scratch/gap004/work/../install/share/noisemaker-qt/noisemaker/effects-ui/filter/plasticWrap.json
-- Installing: /state/cache/scratch/gap004/work/../install/share/noisemaker-qt/noisemaker/effects-ui/filter/tint.json
-- Installing: /state/cache/scratch/gap004/work/../install/share/noisemaker-qt/noisemaker/effects-ui/filter/rotate.json
-- Installing: /state/cache/scratch/gap004/work/../install/share/noisemaker-qt/noisemaker/effects-ui/filter/normalMap.json
-- Installing: /state/cache/scratch/gap004/work/../install/share/noisemaker-qt/noisemaker/effects-ui/filter/tile.json
-- Installing: /state/cache/scratch/gap004/work/../install/share/noisemaker-qt/noisemaker/effects-ui/filter/invert.json
-- Installing: /state/cache/scratch/gap004/work/../install/share/noisemaker-qt/noisemaker/effects-ui/filter/zoomBlur.json
-- Installing: /state/cache/scratch/gap004/work/../install/share/noisemaker-qt/noisemaker/effects-ui/filter/simpleAberration.json
-- Installing: /state/cache/scratch/gap004/work/../install/share/noisemaker-qt/noisemaker/effects-ui/filter/seamless.json
-- Installing: /state/cache/scratch/gap004/work/../install/share/noisemaker-qt/noisemaker/effects-ui/filter/prismaticAberration.json
-- Installing: /state/cache/scratch/gap004/work/../install/share/noisemaker-qt/noisemaker/effects-ui/filter/highPass.json
-- Installing: /state/cache/scratch/gap004/work/../install/share/noisemaker-qt/noisemaker/effects-ui/filter/oilPaint.json
-- Installing: /state/cache/scratch/gap004/work/../install/share/noisemaker-qt/noisemaker/effects-ui/filter/spinBlur.json
-- Installing: /state/cache/scratch/gap004/work/../install/share/noisemaker-qt/noisemaker/effects-ui/filter/tetraColorArray.json
-- Installing: /state/cache/scratch/gap004/work/../install/share/noisemaker-qt/noisemaker/effects-ui/filter/osd.json
-- Installing: /state/cache/scratch/gap004/work/../install/share/noisemaker-qt/noisemaker/effects-ui/filter/skew.json
-- Installing: /state/cache/scratch/gap004/work/../install/share/noisemaker-qt/noisemaker/effects-ui/filter/temporalAberration.json
-- Installing: /state/cache/scratch/gap004/work/../install/share/noisemaker-qt/noisemaker/effects-ui/filter/median.json
-- Installing: /state/cache/scratch/gap004/work/../install/share/noisemaker-qt/noisemaker/effects-ui/filter/parallax.json
-- Installing: /state/cache/scratch/gap004/work/../install/share/noisemaker-qt/noisemaker/effects-ui/filter/unsharpMask.json
-- Installing: /state/cache/scratch/gap004/work/../install/share/noisemaker-qt/noisemaker/effects-ui/filter/chrome.json
-- Installing: /state/cache/scratch/gap004/work/../install/share/noisemaker-qt/noisemaker/effects-ui/filter/step.json
-- Installing: /state/cache/scratch/gap004/work/../install/share/noisemaker-qt/noisemaker/effects-ui/filter/smooth.json
-- Installing: /state/cache/scratch/gap004/work/../install/share/noisemaker-qt/noisemaker/effects-ui/filter/snow.json
-- Installing: /state/cache/scratch/gap004/work/../install/share/noisemaker-qt/noisemaker/effects-ui/filter/scale.json
-- Installing: /state/cache/scratch/gap004/work/../install/share/noisemaker-qt/noisemaker/effects-ui/filter/grain.json
-- Installing: /state/cache/scratch/gap004/work/../install/share/noisemaker-qt/noisemaker/effects-ui/filter/pixelSort.json
-- Installing: /state/cache/scratch/gap004/work/../install/share/noisemaker-qt/noisemaker/effects-ui/filter/motionBlur.json
-- Installing: /state/cache/scratch/gap004/work/../install/share/noisemaker-qt/noisemaker/effects-ui/filter/scratches.json
-- Installing: /state/cache/scratch/gap004/work/../install/share/noisemaker-qt/noisemaker/effects-ui/filter/lightLeak.json
-- Installing: /state/cache/scratch/gap004/work/../install/share/noisemaker-qt/noisemaker/effects-ui/filter/craquelure.json
-- Installing: /state/cache/scratch/gap004/work/../install/share/noisemaker-qt/noisemaker/effects-ui/filter/chroma.json
-- Installing: /state/cache/scratch/gap004/work/../install/share/noisemaker-qt/noisemaker/effects-ui/filter/historicPalette.json
-- Installing: /state/cache/scratch/gap004/work/../install/share/noisemaker-qt/noisemaker/effects-ui/filter/palette.json
-- Installing: /state/cache/scratch/gap004/work/../install/share/noisemaker-qt/noisemaker/effects-ui/filter/tunnel.json
-- Installing: /state/cache/scratch/gap004/work/../install/share/noisemaker-qt/noisemaker/effects-ui/filter/pinch.json
-- Installing: /state/cache/scratch/gap004/work/../install/share/noisemaker-qt/noisemaker/effects-ui/filter/directionalBlur.json
-- Installing: /state/cache/scratch/gap004/work/../install/share/noisemaker-qt/noisemaker/effects-ui/filter/stamp.json
-- Installing: /state/cache/scratch/gap004/work/../install/share/noisemaker-qt/noisemaker/effects-ui/filter/mosaicTiles.json
-- Installing: /state/cache/scratch/gap004/work/../install/share/noisemaker-qt/noisemaker/effects-ui/filter/smoothstep.json
-- Installing: /state/cache/scratch/gap004/work/../install/share/noisemaker-qt/noisemaker/effects-ui/filter/sobel.json
-- Installing: /state/cache/scratch/gap004/work/../install/share/noisemaker-qt/noisemaker/effects-ui/filter/stipple.json
-- Installing: /state/cache/scratch/gap004/work/../install/share/noisemaker-qt/noisemaker/effects-ui/filter/fxaa.json
-- Installing: /state/cache/scratch/gap004/work/../install/share/noisemaker-qt/noisemaker/effects-ui/filter/grime.json
-- Installing: /state/cache/scratch/gap004/work/../install/share/noisemaker-qt/noisemaker/effects-ui/filter/sharpen.json
-- Installing: /state/cache/scratch/gap004/work/../install/share/noisemaker-qt/noisemaker/effects-ui/filter/pondRipples.json
-- Installing: /state/cache/scratch/gap004/work/../install/share/noisemaker-qt/noisemaker/effects-ui/filter/posterize.json
-- Installing: /state/cache/scratch/gap004/work/../install/share/noisemaker-qt/noisemaker/effects-ui/filter/threshold.json
-- Installing: /state/cache/scratch/gap004/work/../install/share/noisemaker-qt/noisemaker/effects-ui/filter/wind.json
-- Installing: /state/cache/scratch/gap004/work/../install/share/noisemaker-qt/noisemaker/effects-ui/filter/lensWarp.json
-- Installing: /state/cache/scratch/gap004/work/../install/share/noisemaker-qt/noisemaker/effects-ui/filter/corrupt.json
-- Installing: /state/cache/scratch/gap004/work/../install/share/noisemaker-qt/noisemaker/effects-ui/filter/photocopy.json
-- Installing: /state/cache/scratch/gap004/work/../install/share/noisemaker-qt/noisemaker/effects-ui/filter/warp.json
-- Installing: /state/cache/scratch/gap004/work/../install/share/noisemaker-qt/noisemaker/effects-ui/filter/texture.json
-- Installing: /state/cache/scratch/gap004/work/../install/share/noisemaker-qt/noisemaker/effects-ui/filter/scroll.json
-- Installing: /state/cache/scratch/gap004/work/../install/share/noisemaker-qt/noisemaker/effects-ui/filter/scanlineError.json
-- Installing: /state/cache/scratch/gap004/work/../install/share/noisemaker-qt/noisemaker/effects-ui/filter/adjust.json
-- Installing: /state/cache/scratch/gap004/work/../install/share/noisemaker-qt/noisemaker/effects-ui/filter/relief.json
-- Installing: /state/cache/scratch/gap004/work/../install/share/noisemaker-qt/noisemaker/effects-ui/filter/vaseline.json
-- Installing: /state/cache/scratch/gap004/work/../install/share/noisemaker-qt/noisemaker/effects-ui/filter/vignette.json
-- Installing: /state/cache/scratch/gap004/work/../install/share/noisemaker-qt/noisemaker/effects-ui/filter/grade.json
-- Installing: /state/cache/scratch/gap004/work/../install/share/noisemaker-qt/noisemaker/effects-ui/filter/lensFlare.json
-- Installing: /state/cache/scratch/gap004/work/../install/share/noisemaker-qt/noisemaker/effects-ui/filter/morphology.json
-- Installing: /state/cache/scratch/gap004/work/../install/share/noisemaker-qt/noisemaker/effects-ui/filter/spookyTicker.json
-- Installing: /state/cache/scratch/gap004/work/../install/share/noisemaker-qt/noisemaker/effects-ui/filter/polar.json
-- Installing: /state/cache/scratch/gap004/work/../install/share/noisemaker-qt/noisemaker/effects-ui/filter/scatter.json
-- Installing: /state/cache/scratch/gap004/work/../install/share/noisemaker-qt/noisemaker/effects-ui/points
-- Installing: /state/cache/scratch/gap004/work/../install/share/noisemaker-qt/noisemaker/effects-ui/points/buddhabrot.json
-- Installing: /state/cache/scratch/gap004/work/../install/share/noisemaker-qt/noisemaker/effects-ui/points/life.json
-- Installing: /state/cache/scratch/gap004/work/../install/share/noisemaker-qt/noisemaker/effects-ui/points/dla.json
-- Installing: /state/cache/scratch/gap004/work/../install/share/noisemaker-qt/noisemaker/effects-ui/points/attractor.json
-- Installing: /state/cache/scratch/gap004/work/../install/share/noisemaker-qt/noisemaker/effects-ui/points/flock.json
-- Installing: /state/cache/scratch/gap004/work/../install/share/noisemaker-qt/noisemaker/effects-ui/points/flow.json
-- Installing: /state/cache/scratch/gap004/work/../install/share/noisemaker-qt/noisemaker/effects-ui/points/physical.json
-- Installing: /state/cache/scratch/gap004/work/../install/share/noisemaker-qt/noisemaker/effects-ui/points/physarum.json
-- Installing: /state/cache/scratch/gap004/work/../install/share/noisemaker-qt/noisemaker/effects-ui/points/heightGrid.json
-- Installing: /state/cache/scratch/gap004/work/../install/share/noisemaker-qt/noisemaker/effects-ui/points/hydraulic.json
-- Installing: /state/cache/scratch/gap004/work/../install/share/noisemaker-qt/noisemaker/effects-ui/points/lenia.json
-- Installing: /state/cache/scratch/gap004/work/../install/share/noisemaker-qt/noisemaker/effects-ui/classicNoisedeck
-- Installing: /state/cache/scratch/gap004/work/../install/share/noisemaker-qt/noisemaker/effects-ui/classicNoisedeck/noise3d.json
-- Installing: /state/cache/scratch/gap004/work/../install/share/noisemaker-qt/noisemaker/effects-ui/classicNoisedeck/lensDistortion.json
-- Installing: /state/cache/scratch/gap004/work/../install/share/noisemaker-qt/noisemaker/effects-ui/classicNoisedeck/fractal.json
-- Installing: /state/cache/scratch/gap004/work/../install/share/noisemaker-qt/noisemaker/effects-ui/classicNoisedeck/shapes.json
-- Installing: /state/cache/scratch/gap004/work/../install/share/noisemaker-qt/noisemaker/effects-ui/classicNoisedeck/kaleido.json
-- Installing: /state/cache/scratch/gap004/work/../install/share/noisemaker-qt/noisemaker/effects-ui/classicNoisedeck/colorLab.json
-- Installing: /state/cache/scratch/gap004/work/../install/share/noisemaker-qt/noisemaker/effects-ui/classicNoisedeck/cellRefract.json
-- Installing: /state/cache/scratch/gap004/work/../install/share/noisemaker-qt/noisemaker/effects-ui/classicNoisedeck/moodscape.json
-- Installing: /state/cache/scratch/gap004/work/../install/share/noisemaker-qt/noisemaker/effects-ui/classicNoisedeck/shapeMixer.json
-- Installing: /state/cache/scratch/gap004/work/../install/share/noisemaker-qt/noisemaker/effects-ui/classicNoisedeck/shapes3d.json
-- Installing: /state/cache/scratch/gap004/work/../install/share/noisemaker-qt/noisemaker/effects-ui/classicNoisedeck/coalesce.json
-- Installing: /state/cache/scratch/gap004/work/../install/share/noisemaker-qt/noisemaker/effects-ui/classicNoisedeck/noise.json
-- Installing: /state/cache/scratch/gap004/work/../install/share/noisemaker-qt/noisemaker/effects-ui/classicNoisedeck/splat.json
-- Installing: /state/cache/scratch/gap004/work/../install/share/noisemaker-qt/noisemaker/effects-ui/classicNoisedeck/refract.json
-- Installing: /state/cache/scratch/gap004/work/../install/share/noisemaker-qt/noisemaker/effects-ui/classicNoisedeck/bitEffects.json
-- Installing: /state/cache/scratch/gap004/work/../install/share/noisemaker-qt/noisemaker/effects-ui/classicNoisedeck/composite.json
-- Installing: /state/cache/scratch/gap004/work/../install/share/noisemaker-qt/noisemaker/effects-ui/classicNoisedeck/caustic.json
-- Installing: /state/cache/scratch/gap004/work/../install/share/noisemaker-qt/noisemaker/effects-ui/classicNoisedeck/cellNoise.json
-- Installing: /state/cache/scratch/gap004/work/../install/share/noisemaker-qt/noisemaker/effects-ui/classicNoisedeck/glitch.json
-- Installing: /state/cache/scratch/gap004/work/../install/share/noisemaker-qt/noisemaker/effects-ui/classicNoisedeck/effects.json
-- Installing: /state/cache/scratch/gap004/work/../install/share/noisemaker-qt/noisemaker/effects-ui/synth3d
-- Installing: /state/cache/scratch/gap004/work/../install/share/noisemaker-qt/noisemaker/effects-ui/synth3d/shape3d.json
-- Installing: /state/cache/scratch/gap004/work/../install/share/noisemaker-qt/noisemaker/effects-ui/synth3d/noise3d.json
-- Installing: /state/cache/scratch/gap004/work/../install/share/noisemaker-qt/noisemaker/effects-ui/synth3d/cell3d.json
-- Installing: /state/cache/scratch/gap004/work/../install/share/noisemaker-qt/noisemaker/effects-ui/synth3d/cellularAutomata3d.json
-- Installing: /state/cache/scratch/gap004/work/../install/share/noisemaker-qt/noisemaker/effects-ui/synth3d/flythrough3d.json
-- Installing: /state/cache/scratch/gap004/work/../install/share/noisemaker-qt/noisemaker/effects-ui/synth3d/fractal3d.json
-- Installing: /state/cache/scratch/gap004/work/../install/share/noisemaker-qt/noisemaker/effects-ui/synth3d/reactionDiffusion3d.json
-- Installing: /state/cache/scratch/gap004/work/../install/share/noisemaker-qt/noisemaker/effects-ui/synth3d/heightmap3d.json
-- Installing: /state/cache/scratch/gap004/work/../install/share/noisemaker-qt/noisemaker/fonts
-- Installing: /state/cache/scratch/gap004/work/../install/share/noisemaker-qt/noisemaker/fonts/Nunito
-- Installing: /state/cache/scratch/gap004/work/../install/share/noisemaker-qt/noisemaker/fonts/Nunito/OFL.txt
-- Installing: /state/cache/scratch/gap004/work/../install/share/noisemaker-qt/noisemaker/fonts/Nunito/Nunito-VariableFont_wght.ttf
-- Installing: /state/cache/scratch/gap004/work/../install/share/noisemaker-qt/noisemaker/share
-- Installing: /state/cache/scratch/gap004/work/../install/share/noisemaker-qt/noisemaker/share/meshes
-- Installing: /state/cache/scratch/gap004/work/../install/share/noisemaker-qt/noisemaker/share/meshes/cube.obj
-- Installing: /state/cache/scratch/gap004/work/../install/share/noisemaker-qt/noisemaker/share/meshes/capsule.obj
-- Installing: /state/cache/scratch/gap004/work/../install/share/noisemaker-qt/noisemaker/share/meshes/sphere.obj
-- Installing: /state/cache/scratch/gap004/work/../install/share/noisemaker-qt/noisemaker/share/meshes/torus.obj
-- Installing: /state/cache/scratch/gap004/work/../install/share/noisemaker-qt/noisemaker/share/meshes/cone.obj
-- Installing: /state/cache/scratch/gap004/work/../install/share/noisemaker-qt/noisemaker/share/meshes/icosphere.obj
-- Installing: /state/cache/scratch/gap004/work/../install/share/noisemaker-qt/noisemaker/share/meshes/cylinder.obj
-- Installing: /state/cache/scratch/gap004/work/../install/lib/cmake/noisemaker-qt/noisemaker-qt-config.cmake
-- Installing: /state/cache/scratch/gap004/work/../install/lib/cmake/noisemaker-qt/noisemaker-qt-config-version.cmake
-- Installing: /state/cache/scratch/gap004/work/../install/share/doc/noisemaker-qt/LICENSE
-- Installing: /state/cache/scratch/gap004/work/../install/share/doc/noisemaker-qt/acorn-LICENSE.txt
